variable,staging,sender,vehicle,patient,scenario,value
x_ij,a1,s001,v00,n,n04,4.0
x_ij,a1,s001,v00,n,n05,4.0
x_ij,a1,s001,v00,n,n06,4.0
x_ij,a1,s001,v00,n,n07,4.0
x_ij,a1,s001,v00,n,n08,4.0
x_ij,a1,s001,v00,n,n09,4.0
x_ij,a1,s001,v00,n,n10,4.0
x_ij,a1,s001,v00,n,n11,4.0
x_ij,a1,s001,v00,n,n12,4.0
x_ij,a1,s001,v00,n,n13,4.0
x_ij,a1,s001,v00,n,n14,4.0
x_ij,a1,s001,v00,n,n15,4.0
x_ij,a1,s001,v00,n,n16,4.0
x_ij,a1,s002,v00,c,n12,10.0
x_ij,a1,s002,v00,n,n12,60.0
x_ij,a1,s003,v00,c,n11,6.0
x_ij,a1,s003,v00,c,n12,6.0
x_ij,a1,s003,v00,c,n13,6.0
x_ij,a1,s003,v00,c,n14,6.0
x_ij,a1,s003,v00,c,n15,6.0
x_ij,a1,s003,v00,n,n11,39.0
x_ij,a1,s003,v00,n,n12,39.0
x_ij,a1,s003,v00,n,n13,39.0
x_ij,a1,s003,v00,n,n14,39.0
x_ij,a1,s003,v00,n,n15,39.0
x_ij,a1,s004,v00,n,n06,4.0
x_ij,a1,s004,v00,n,n07,4.0
x_ij,a1,s004,v00,n,n08,4.0
x_ij,a1,s004,v00,n,n09,4.0
x_ij,a1,s004,v00,n,n10,4.0
x_ij,a1,s004,v00,n,n11,4.0
x_ij,a1,s004,v00,n,n12,4.0
x_ij,a1,s004,v00,n,n13,4.0
x_ij,a1,s004,v00,n,n14,4.0
x_ij,a1,s004,v00,n,n15,4.0
x_ij,a1,s004,v00,n,n16,4.0
x_ij,a1,s005,v00,c,n08,5.0
x_ij,a1,s005,v00,c,n09,5.0
x_ij,a1,s005,v00,c,n10,5.0
x_ij,a1,s005,v00,c,n11,5.0
x_ij,a1,s005,v00,c,n12,5.0
x_ij,a1,s005,v00,c,n13,5.0
x_ij,a1,s005,v00,c,n14,5.0
x_ij,a1,s005,v00,n,n08,32.0
x_ij,a1,s005,v00,n,n09,32.0
x_ij,a1,s005,v00,n,n10,32.0
x_ij,a1,s005,v00,n,n11,32.0
x_ij,a1,s005,v00,n,n12,32.0
x_ij,a1,s005,v00,n,n13,32.0
x_ij,a1,s005,v00,n,n14,32.0
x_ij,a1,s006,v00,c,n04,5.0
x_ij,a1,s006,v00,c,n05,5.0
x_ij,a1,s006,v00,c,n06,5.0
x_ij,a1,s006,v00,c,n07,5.0
x_ij,a1,s006,v00,c,n08,5.0
x_ij,a1,s006,v00,c,n09,5.0
x_ij,a1,s006,v00,c,n10,5.0
x_ij,a1,s006,v00,c,n11,5.0
x_ij,a1,s006,v00,c,n12,5.0
x_ij,a1,s006,v00,c,n13,5.0
x_ij,a1,s006,v00,c,n14,5.0
x_ij,a1,s006,v00,c,n15,5.0
x_ij,a1,s006,v00,c,n16,5.0
x_ij,a1,s006,v00,c,n17,5.0
x_ij,a1,s006,v00,c,n18,5.0
x_ij,a1,s006,v00,c,n19,5.0
x_ij,a1,s006,v00,c,n20,5.0
x_ij,a1,s006,v00,c,n21,5.0
x_ij,a1,s006,v00,n,n04,28.0
x_ij,a1,s006,v00,n,n05,28.0
x_ij,a1,s006,v00,n,n06,28.0
x_ij,a1,s006,v00,n,n07,28.0
x_ij,a1,s006,v00,n,n08,28.0
x_ij,a1,s006,v00,n,n09,28.0
x_ij,a1,s006,v00,n,n10,28.0
x_ij,a1,s006,v00,n,n11,28.0
x_ij,a1,s006,v00,n,n12,28.0
x_ij,a1,s006,v00,n,n13,28.0
x_ij,a1,s006,v00,n,n14,28.0
x_ij,a1,s006,v00,n,n15,28.0
x_ij,a1,s006,v00,n,n16,28.0
x_ij,a1,s006,v00,n,n17,28.0
x_ij,a1,s006,v00,n,n18,28.0
x_ij,a1,s006,v00,n,n19,28.0
x_ij,a1,s006,v00,n,n20,28.0
x_ij,a1,s006,v00,n,n21,28.0
x_ij,a1,s007,v00,c,n11,14.0
x_ij,a1,s007,v00,c,n12,14.0
x_ij,a1,s007,v00,c,n13,14.0
x_ij,a1,s007,v00,n,n11,84.0
x_ij,a1,s007,v00,n,n12,84.0
x_ij,a1,s007,v00,n,n13,84.0
x_ij,a1,s008,v00,c,n11,3.0
x_ij,a1,s008,v00,c,n12,3.0
x_ij,a1,s008,v00,n,n11,23.0
x_ij,a1,s008,v00,n,n12,23.0
x_ij,a1,s010,v00,c,n08,36.0
x_ij,a1,s010,v00,c,n09,36.0
x_ij,a1,s010,v00,c,n10,36.0
x_ij,a1,s010,v00,c,n11,36.0
x_ij,a1,s010,v00,c,n12,36.0
x_ij,a1,s010,v00,c,n13,36.0
x_ij,a1,s010,v00,c,n14,36.0
x_ij,a1,s010,v00,c,n15,36.0
x_ij,a1,s010,v00,n,n08,199.0
x_ij,a1,s010,v00,n,n09,199.0
x_ij,a1,s010,v00,n,n10,199.0
x_ij,a1,s010,v00,n,n11,199.0
x_ij,a1,s010,v00,n,n12,199.0
x_ij,a1,s010,v00,n,n13,199.0
x_ij,a1,s010,v00,n,n14,199.0
x_ij,a1,s010,v00,n,n15,199.0
x_ij,a1,s013,v00,c,n08,1.0
x_ij,a1,s013,v00,c,n09,1.0
x_ij,a1,s013,v00,c,n10,1.0
x_ij,a1,s013,v00,c,n11,1.0
x_ij,a1,s013,v00,c,n12,1.0
x_ij,a1,s013,v00,c,n13,1.0
x_ij,a1,s013,v00,c,n14,1.0
x_ij,a1,s013,v00,c,n15,1.0
x_ij,a1,s013,v00,n,n08,12.0
x_ij,a1,s013,v00,n,n09,12.0
x_ij,a1,s013,v00,n,n10,12.0
x_ij,a1,s013,v00,n,n11,12.0
x_ij,a1,s013,v00,n,n12,12.0
x_ij,a1,s013,v00,n,n13,12.0
x_ij,a1,s013,v00,n,n14,12.0
x_ij,a1,s013,v00,n,n15,12.0
x_ij,a1,s015,v00,c,n08,5.0
x_ij,a1,s015,v00,c,n09,5.0
x_ij,a1,s015,v00,c,n10,5.0
x_ij,a1,s015,v00,c,n11,5.0
x_ij,a1,s015,v00,c,n12,5.0
x_ij,a1,s015,v00,c,n13,5.0
x_ij,a1,s015,v00,c,n14,5.0
x_ij,a1,s015,v00,c,n15,5.0
x_ij,a1,s015,v00,c,n16,5.0
x_ij,a1,s015,v00,c,n17,5.0
x_ij,a1,s015,v00,c,n18,5.0
x_ij,a1,s015,v00,c,n19,5.0
x_ij,a1,s015,v00,c,n20,5.0
x_ij,a1,s015,v00,c,n21,5.0
x_ij,a1,s015,v00,c,n22,5.0
x_ij,a1,s015,v00,c,n23,5.0
x_ij,a1,s015,v00,c,n24,5.0
x_ij,a1,s015,v00,c,n25,5.0
x_ij,a1,s015,v00,n,n08,28.0
x_ij,a1,s015,v00,n,n09,28.0
x_ij,a1,s015,v00,n,n10,28.0
x_ij,a1,s015,v00,n,n11,28.0
x_ij,a1,s015,v00,n,n12,28.0
x_ij,a1,s015,v00,n,n13,28.0
x_ij,a1,s015,v00,n,n14,28.0
x_ij,a1,s015,v00,n,n15,28.0
x_ij,a1,s015,v00,n,n16,28.0
x_ij,a1,s015,v00,n,n17,28.0
x_ij,a1,s015,v00,n,n18,28.0
x_ij,a1,s015,v00,n,n19,28.0
x_ij,a1,s015,v00,n,n20,28.0
x_ij,a1,s015,v00,n,n21,28.0
x_ij,a1,s015,v00,n,n22,28.0
x_ij,a1,s015,v00,n,n23,28.0
x_ij,a1,s015,v00,n,n24,28.0
x_ij,a1,s015,v00,n,n25,28.0
x_ij,a1,s018,v00,c,n06,11.0
x_ij,a1,s018,v00,c,n07,11.0
x_ij,a1,s018,v00,c,n08,11.0
x_ij,a1,s018,v00,c,n09,11.0
x_ij,a1,s018,v00,c,n10,11.0
x_ij,a1,s018,v00,c,n11,11.0
x_ij,a1,s018,v00,c,n12,11.0
x_ij,a1,s018,v00,c,n13,11.0
x_ij,a1,s018,v00,c,n14,11.0
x_ij,a1,s018,v00,c,n15,11.0
x_ij,a1,s018,v00,n,n06,66.0
x_ij,a1,s018,v00,n,n07,66.0
x_ij,a1,s018,v00,n,n08,66.0
x_ij,a1,s018,v00,n,n09,66.0
x_ij,a1,s018,v00,n,n10,66.0
x_ij,a1,s018,v00,n,n11,66.0
x_ij,a1,s018,v00,n,n12,66.0
x_ij,a1,s018,v00,n,n13,66.0
x_ij,a1,s018,v00,n,n14,66.0
x_ij,a1,s018,v00,n,n15,66.0
x_ij,a1,s019,v00,c,n11,7.0
x_ij,a1,s019,v00,c,n12,7.0
x_ij,a1,s019,v00,c,n13,7.0
x_ij,a1,s019,v00,n,n11,42.0
x_ij,a1,s019,v00,n,n12,42.0
x_ij,a1,s019,v00,n,n13,42.0
x_ij,a1,s020,v00,c,n06,13.0
x_ij,a1,s020,v00,c,n07,13.0
x_ij,a1,s020,v00,c,n08,13.0
x_ij,a1,s020,v00,c,n09,13.0
x_ij,a1,s020,v00,c,n10,13.0
x_ij,a1,s020,v00,c,n11,13.0
x_ij,a1,s020,v00,c,n12,13.0
x_ij,a1,s020,v00,c,n13,13.0
x_ij,a1,s020,v00,c,n14,13.0
x_ij,a1,s020,v00,c,n15,13.0
x_ij,a1,s020,v00,c,n16,13.0
x_ij,a1,s020,v00,n,n06,76.0
x_ij,a1,s020,v00,n,n07,76.0
x_ij,a1,s020,v00,n,n08,76.0
x_ij,a1,s020,v00,n,n09,76.0
x_ij,a1,s020,v00,n,n10,76.0
x_ij,a1,s020,v00,n,n11,76.0
x_ij,a1,s020,v00,n,n12,76.0
x_ij,a1,s020,v00,n,n13,76.0
x_ij,a1,s020,v00,n,n14,76.0
x_ij,a1,s020,v00,n,n15,76.0
x_ij,a1,s020,v00,n,n16,76.0
x_ij,a1,s021,v00,c,n16,5.0
x_ij,a1,s021,v00,c,n17,5.0
x_ij,a1,s021,v00,c,n18,5.0
x_ij,a1,s021,v00,n,n16,34.0
x_ij,a1,s021,v00,n,n17,34.0
x_ij,a1,s021,v00,n,n18,34.0
x_ij,a1,s022,v00,c,n06,4.0
x_ij,a1,s022,v00,c,n07,4.0
x_ij,a1,s022,v00,c,n08,4.0
x_ij,a1,s022,v00,c,n09,4.0
x_ij,a1,s022,v00,c,n10,4.0
x_ij,a1,s022,v00,c,n11,4.0
x_ij,a1,s022,v00,c,n12,4.0
x_ij,a1,s022,v00,c,n13,4.0
x_ij,a1,s022,v00,c,n14,4.0
x_ij,a1,s022,v00,c,n15,4.0
x_ij,a1,s022,v00,c,n16,4.0
x_ij,a1,s022,v00,n,n06,28.0
x_ij,a1,s022,v00,n,n07,28.0
x_ij,a1,s022,v00,n,n08,28.0
x_ij,a1,s022,v00,n,n09,28.0
x_ij,a1,s022,v00,n,n10,28.0
x_ij,a1,s022,v00,n,n11,28.0
x_ij,a1,s022,v00,n,n12,28.0
x_ij,a1,s022,v00,n,n13,28.0
x_ij,a1,s022,v00,n,n14,28.0
x_ij,a1,s022,v00,n,n15,28.0
x_ij,a1,s022,v00,n,n16,28.0
x_ij,a1,s024,v00,n,n04,2.0
x_ij,a1,s024,v00,n,n05,2.0
x_ij,a1,s024,v00,n,n06,2.0
x_ij,a1,s024,v00,n,n07,2.0
x_ij,a1,s024,v00,n,n08,2.0
x_ij,a1,s024,v00,n,n09,2.0
x_ij,a1,s024,v00,n,n10,2.0
x_ij,a1,s024,v00,n,n11,2.0
x_ij,a1,s024,v00,n,n12,2.0
x_ij,a1,s024,v00,n,n13,2.0
x_ij,a1,s024,v00,n,n14,2.0
x_ij,a1,s024,v00,n,n15,2.0
x_ij,a1,s024,v00,n,n16,2.0
x_ij,a1,s024,v00,n,n17,2.0
x_ij,a1,s024,v00,n,n18,2.0
x_ij,a1,s024,v00,n,n19,2.0
x_ij,a1,s024,v00,n,n20,2.0
x_ij,a1,s024,v00,n,n21,2.0
x_ij,a1,s024,v00,n,n25,2.0
x_ij,a1,s025,v00,c,n08,6.0
x_ij,a1,s025,v00,c,n09,6.0
x_ij,a1,s025,v00,c,n10,6.0
x_ij,a1,s025,v00,c,n11,6.0
x_ij,a1,s025,v00,c,n12,6.0
x_ij,a1,s025,v00,c,n13,6.0
x_ij,a1,s025,v00,c,n14,6.0
x_ij,a1,s025,v00,c,n15,6.0
x_ij,a1,s025,v00,c,n16,6.0
x_ij,a1,s025,v00,n,n08,39.0
x_ij,a1,s025,v00,n,n09,39.0
x_ij,a1,s025,v00,n,n10,39.0
x_ij,a1,s025,v00,n,n11,39.0
x_ij,a1,s025,v00,n,n12,39.0
x_ij,a1,s025,v00,n,n13,39.0
x_ij,a1,s025,v00,n,n14,39.0
x_ij,a1,s025,v00,n,n15,39.0
x_ij,a1,s025,v00,n,n16,39.0
x_ij,a1,s026,v00,c,n08,3.0
x_ij,a1,s026,v00,c,n09,3.0
x_ij,a1,s026,v00,c,n10,3.0
x_ij,a1,s026,v00,c,n11,3.0
x_ij,a1,s026,v00,c,n12,3.0
x_ij,a1,s026,v00,c,n13,3.0
x_ij,a1,s026,v00,c,n14,3.0
x_ij,a1,s026,v00,c,n15,3.0
x_ij,a1,s026,v00,n,n08,23.0
x_ij,a1,s026,v00,n,n09,23.0
x_ij,a1,s026,v00,n,n10,23.0
x_ij,a1,s026,v00,n,n11,23.0
x_ij,a1,s026,v00,n,n12,23.0
x_ij,a1,s026,v00,n,n13,23.0
x_ij,a1,s026,v00,n,n14,23.0
x_ij,a1,s026,v00,n,n15,23.0
x_ij,a1,s027,v00,c,n04,5.0
x_ij,a1,s027,v00,c,n05,5.0
x_ij,a1,s027,v00,c,n06,5.0
x_ij,a1,s027,v00,c,n07,5.0
x_ij,a1,s027,v00,c,n08,5.0
x_ij,a1,s027,v00,c,n09,5.0
x_ij,a1,s027,v00,c,n10,5.0
x_ij,a1,s027,v00,c,n11,5.0
x_ij,a1,s027,v00,c,n12,5.0
x_ij,a1,s027,v00,c,n13,5.0
x_ij,a1,s027,v00,c,n14,5.0
x_ij,a1,s027,v00,c,n15,5.0
x_ij,a1,s027,v00,c,n16,5.0
x_ij,a1,s027,v00,n,n04,34.0
x_ij,a1,s027,v00,n,n05,34.0
x_ij,a1,s027,v00,n,n06,34.0
x_ij,a1,s027,v00,n,n07,34.0
x_ij,a1,s027,v00,n,n08,34.0
x_ij,a1,s027,v00,n,n09,34.0
x_ij,a1,s027,v00,n,n10,34.0
x_ij,a1,s027,v00,n,n11,34.0
x_ij,a1,s027,v00,n,n12,34.0
x_ij,a1,s027,v00,n,n13,34.0
x_ij,a1,s027,v00,n,n14,34.0
x_ij,a1,s027,v00,n,n15,34.0
x_ij,a1,s027,v00,n,n16,34.0
x_ij,a1,s029,v00,c,n11,1.0
x_ij,a1,s029,v00,c,n12,1.0
x_ij,a1,s029,v00,c,n13,1.0
x_ij,a1,s029,v00,c,n14,1.0
x_ij,a1,s029,v00,c,n15,1.0
x_ij,a1,s029,v00,n,n11,10.0
x_ij,a1,s029,v00,n,n12,10.0
x_ij,a1,s029,v00,n,n13,10.0
x_ij,a1,s029,v00,n,n14,10.0
x_ij,a1,s029,v00,n,n15,10.0
x_ij,a1,s030,v00,c,n06,2.0
x_ij,a1,s030,v00,c,n07,2.0
x_ij,a1,s030,v00,c,n08,2.0
x_ij,a1,s030,v00,c,n09,2.0
x_ij,a1,s030,v00,c,n10,2.0
x_ij,a1,s030,v00,c,n11,2.0
x_ij,a1,s030,v00,c,n12,2.0
x_ij,a1,s030,v00,c,n13,2.0
x_ij,a1,s030,v00,c,n14,2.0
x_ij,a1,s030,v00,c,n15,2.0
x_ij,a1,s030,v00,c,n16,2.0
x_ij,a1,s030,v00,n,n06,17.0
x_ij,a1,s030,v00,n,n07,17.0
x_ij,a1,s030,v00,n,n08,17.0
x_ij,a1,s030,v00,n,n09,17.0
x_ij,a1,s030,v00,n,n10,17.0
x_ij,a1,s030,v00,n,n11,17.0
x_ij,a1,s030,v00,n,n12,17.0
x_ij,a1,s030,v00,n,n13,17.0
x_ij,a1,s030,v00,n,n14,17.0
x_ij,a1,s030,v00,n,n15,17.0
x_ij,a1,s030,v00,n,n16,17.0
x_ij,a1,s031,v00,n,n13,6.0
x_ij,a1,s032,v00,c,n08,54.0
x_ij,a1,s032,v00,c,n09,54.0
x_ij,a1,s032,v00,c,n10,54.0
x_ij,a1,s032,v00,c,n11,54.0
x_ij,a1,s032,v00,c,n12,54.0
x_ij,a1,s032,v00,c,n13,54.0
x_ij,a1,s032,v00,c,n14,54.0
x_ij,a1,s032,v00,c,n15,54.0
x_ij,a1,s032,v00,n,n08,303.0
x_ij,a1,s032,v00,n,n09,303.0
x_ij,a1,s032,v00,n,n10,303.0
x_ij,a1,s032,v00,n,n11,303.0
x_ij,a1,s032,v00,n,n12,303.0
x_ij,a1,s032,v00,n,n13,303.0
x_ij,a1,s032,v00,n,n14,303.0
x_ij,a1,s032,v00,n,n15,303.0
x_ij,a1,s034,v00,c,n09,11.0
x_ij,a1,s034,v00,c,n10,11.0
x_ij,a1,s034,v00,c,n11,11.0
x_ij,a1,s034,v00,c,n12,11.0
x_ij,a1,s034,v00,c,n13,11.0
x_ij,a1,s034,v00,c,n14,11.0
x_ij,a1,s034,v00,n,n09,63.0
x_ij,a1,s034,v00,n,n10,63.0
x_ij,a1,s034,v00,n,n11,63.0
x_ij,a1,s034,v00,n,n12,63.0
x_ij,a1,s034,v00,n,n13,63.0
x_ij,a1,s034,v00,n,n14,63.0
x_ij,a1,s035,v00,c,n08,14.0
x_ij,a1,s035,v00,c,n09,14.0
x_ij,a1,s035,v00,c,n10,14.0
x_ij,a1,s035,v00,c,n11,14.0
x_ij,a1,s035,v00,c,n12,14.0
x_ij,a1,s035,v00,c,n13,14.0
x_ij,a1,s035,v00,c,n14,14.0
x_ij,a1,s035,v00,c,n15,14.0
x_ij,a1,s035,v00,n,n08,85.0
x_ij,a1,s035,v00,n,n09,85.0
x_ij,a1,s035,v00,n,n10,85.0
x_ij,a1,s035,v00,n,n11,85.0
x_ij,a1,s035,v00,n,n12,85.0
x_ij,a1,s035,v00,n,n13,85.0
x_ij,a1,s035,v00,n,n14,85.0
x_ij,a1,s035,v00,n,n15,85.0
x_ij,a1,s036,v00,c,n06,2.0
x_ij,a1,s036,v00,c,n07,2.0
x_ij,a1,s036,v00,c,n08,2.0
x_ij,a1,s036,v00,c,n09,2.0
x_ij,a1,s036,v00,c,n10,2.0
x_ij,a1,s036,v00,c,n11,2.0
x_ij,a1,s036,v00,c,n12,2.0
x_ij,a1,s036,v00,c,n13,2.0
x_ij,a1,s036,v00,c,n14,2.0
x_ij,a1,s036,v00,c,n15,2.0
x_ij,a1,s036,v00,c,n16,2.0
x_ij,a1,s036,v00,c,n17,2.0
x_ij,a1,s036,v00,c,n18,2.0
x_ij,a1,s036,v00,c,n19,2.0
x_ij,a1,s036,v00,c,n20,2.0
x_ij,a1,s036,v00,c,n21,2.0
x_ij,a1,s036,v00,n,n06,17.0
x_ij,a1,s036,v00,n,n07,17.0
x_ij,a1,s036,v00,n,n08,17.0
x_ij,a1,s036,v00,n,n09,17.0
x_ij,a1,s036,v00,n,n10,17.0
x_ij,a1,s036,v00,n,n11,17.0
x_ij,a1,s036,v00,n,n12,17.0
x_ij,a1,s036,v00,n,n13,17.0
x_ij,a1,s036,v00,n,n14,17.0
x_ij,a1,s036,v00,n,n15,17.0
x_ij,a1,s036,v00,n,n16,17.0
x_ij,a1,s036,v00,n,n17,17.0
x_ij,a1,s036,v00,n,n18,17.0
x_ij,a1,s036,v00,n,n19,17.0
x_ij,a1,s036,v00,n,n20,17.0
x_ij,a1,s036,v00,n,n21,17.0
x_ij,a1,s039,v00,c,n08,14.0
x_ij,a1,s039,v00,c,n09,14.0
x_ij,a1,s039,v00,c,n10,14.0
x_ij,a1,s039,v00,c,n11,14.0
x_ij,a1,s039,v00,c,n12,14.0
x_ij,a1,s039,v00,c,n13,14.0
x_ij,a1,s039,v00,c,n14,14.0
x_ij,a1,s039,v00,c,n15,14.0
x_ij,a1,s039,v00,c,n16,14.0
x_ij,a1,s039,v00,c,n17,14.0
x_ij,a1,s039,v00,c,n18,14.0
x_ij,a1,s039,v00,c,n19,14.0
x_ij,a1,s039,v00,c,n20,14.0
x_ij,a1,s039,v00,c,n21,14.0
x_ij,a1,s039,v00,c,n22,14.0
x_ij,a1,s039,v00,c,n23,14.0
x_ij,a1,s039,v00,c,n24,14.0
x_ij,a1,s039,v00,c,n25,14.0
x_ij,a1,s039,v00,n,n08,79.0
x_ij,a1,s039,v00,n,n09,79.0
x_ij,a1,s039,v00,n,n10,79.0
x_ij,a1,s039,v00,n,n11,79.0
x_ij,a1,s039,v00,n,n12,79.0
x_ij,a1,s039,v00,n,n13,79.0
x_ij,a1,s039,v00,n,n14,79.0
x_ij,a1,s039,v00,n,n15,79.0
x_ij,a1,s039,v00,n,n16,79.0
x_ij,a1,s039,v00,n,n17,79.0
x_ij,a1,s039,v00,n,n18,79.0
x_ij,a1,s039,v00,n,n19,79.0
x_ij,a1,s039,v00,n,n20,79.0
x_ij,a1,s039,v00,n,n21,79.0
x_ij,a1,s039,v00,n,n22,79.0
x_ij,a1,s039,v00,n,n23,79.0
x_ij,a1,s039,v00,n,n24,79.0
x_ij,a1,s039,v00,n,n25,59.0
x_ij,a1,s039,v20,n,n25,1.0
x_ij,a1,s040,v00,n,n15,4.0
x_ij,a1,s040,v00,n,n16,4.0
x_ij,a1,s040,v00,n,n17,4.0
x_ij,a1,s040,v00,n,n18,4.0
x_ij,a1,s040,v00,n,n22,4.0
x_ij,a1,s040,v00,n,n23,4.0
x_ij,a1,s040,v00,n,n24,4.0
x_ij,a1,s043,v00,c,n06,3.0
x_ij,a1,s043,v00,c,n07,3.0
x_ij,a1,s043,v00,c,n08,3.0
x_ij,a1,s043,v00,c,n09,3.0
x_ij,a1,s043,v00,c,n10,3.0
x_ij,a1,s043,v00,c,n11,3.0
x_ij,a1,s043,v00,c,n12,3.0
x_ij,a1,s043,v00,c,n13,3.0
x_ij,a1,s043,v00,c,n14,3.0
x_ij,a1,s043,v00,c,n15,3.0
x_ij,a1,s043,v00,c,n16,3.0
x_ij,a1,s043,v00,c,n17,3.0
x_ij,a1,s043,v00,c,n18,3.0
x_ij,a1,s043,v00,n,n06,19.0
x_ij,a1,s043,v00,n,n07,19.0
x_ij,a1,s043,v00,n,n08,19.0
x_ij,a1,s043,v00,n,n09,19.0
x_ij,a1,s043,v00,n,n10,19.0
x_ij,a1,s043,v00,n,n11,19.0
x_ij,a1,s043,v00,n,n12,19.0
x_ij,a1,s043,v00,n,n13,19.0
x_ij,a1,s043,v00,n,n14,19.0
x_ij,a1,s043,v00,n,n15,19.0
x_ij,a1,s043,v00,n,n16,19.0
x_ij,a1,s043,v00,n,n17,19.0
x_ij,a1,s043,v00,n,n18,19.0
x_ij,a1,s044,v00,c,n24,1.0
x_ij,a1,s044,v00,n,n24,11.0
x_ij,a1,s049,v00,c,n01,38.0
x_ij,a1,s049,v00,c,n02,38.0
x_ij,a1,s049,v00,c,n03,38.0
x_ij,a1,s049,v00,c,n04,38.0
x_ij,a1,s049,v00,c,n05,38.0
x_ij,a1,s049,v00,c,n06,38.0
x_ij,a1,s049,v00,c,n07,38.0
x_ij,a1,s049,v00,c,n08,38.0
x_ij,a1,s049,v00,c,n09,38.0
x_ij,a1,s049,v00,c,n10,38.0
x_ij,a1,s049,v00,c,n11,10.0
x_ij,a1,s049,v00,c,n13,38.0
x_ij,a1,s049,v00,c,n14,38.0
x_ij,a1,s049,v00,c,n15,38.0
x_ij,a1,s049,v00,c,n16,38.0
x_ij,a1,s049,v00,c,n17,38.0
x_ij,a1,s049,v00,c,n18,38.0
x_ij,a1,s049,v00,c,n19,38.0
x_ij,a1,s049,v00,c,n20,38.0
x_ij,a1,s049,v00,c,n21,38.0
x_ij,a1,s049,v00,c,n22,38.0
x_ij,a1,s049,v00,c,n23,38.0
x_ij,a1,s049,v00,c,n24,38.0
x_ij,a1,s049,v00,c,n25,38.0
x_ij,a1,s049,v00,n,n01,11.0
x_ij,a1,s049,v00,n,n02,11.0
x_ij,a1,s049,v00,n,n03,11.0
x_ij,a1,s049,v00,n,n04,11.0
x_ij,a1,s049,v00,n,n05,11.0
x_ij,a1,s049,v00,n,n06,71.0
x_ij,a1,s049,v00,n,n07,71.0
x_ij,a1,s049,v00,n,n08,131.0
x_ij,a1,s049,v00,n,n09,211.0
x_ij,a1,s049,v00,n,n10,211.0
x_ij,a1,s049,v00,n,n11,211.0
x_ij,a1,s049,v00,n,n12,151.0
x_ij,a1,s049,v00,n,n13,211.0
x_ij,a1,s049,v00,n,n14,211.0
x_ij,a1,s049,v00,n,n15,211.0
x_ij,a1,s049,v00,n,n16,211.0
x_ij,a1,s049,v00,n,n17,211.0
x_ij,a1,s049,v00,n,n18,211.0
x_ij,a1,s049,v00,n,n19,171.0
x_ij,a1,s049,v00,n,n20,151.0
x_ij,a1,s049,v00,n,n21,151.0
x_ij,a1,s049,v00,n,n22,171.0
x_ij,a1,s049,v00,n,n23,171.0
x_ij,a1,s049,v00,n,n24,211.0
x_ij,a1,s049,v00,n,n25,11.0
x_ij,a1,s049,v20,n,n01,10.0
x_ij,a1,s049,v20,n,n02,10.0
x_ij,a1,s049,v20,n,n03,10.0
x_ij,a1,s049,v20,n,n04,10.0
x_ij,a1,s049,v20,n,n05,10.0
x_ij,a1,s049,v20,n,n06,7.0
x_ij,a1,s049,v20,n,n07,7.0
x_ij,a1,s049,v20,n,n08,4.0
x_ij,a1,s049,v20,n,n19,2.0
x_ij,a1,s049,v20,n,n20,3.0
x_ij,a1,s049,v20,n,n21,3.0
x_ij,a1,s049,v20,n,n22,2.0
x_ij,a1,s049,v20,n,n23,2.0
x_ij,a1,s049,v20,n,n25,10.0
x_ij,a1,s051,v00,c,n13,2.0
x_ij,a1,s051,v00,c,n14,2.0
x_ij,a1,s051,v00,c,n15,2.0
x_ij,a1,s051,v00,c,n16,2.0
x_ij,a1,s051,v00,c,n17,2.0
x_ij,a1,s051,v00,c,n18,2.0
x_ij,a1,s051,v00,c,n19,2.0
x_ij,a1,s051,v00,c,n20,2.0
x_ij,a1,s051,v00,n,n13,17.0
x_ij,a1,s051,v00,n,n14,17.0
x_ij,a1,s051,v00,n,n15,17.0
x_ij,a1,s051,v00,n,n16,17.0
x_ij,a1,s051,v00,n,n17,17.0
x_ij,a1,s051,v00,n,n18,17.0
x_ij,a1,s051,v00,n,n19,17.0
x_ij,a1,s051,v00,n,n20,17.0
x_ij,a1,s056,v00,n,n17,13.0
x_ij,a1,s056,v00,n,n18,13.0
x_ij,a1,s056,v00,n,n19,13.0
x_ij,a1,s056,v00,n,n20,13.0
x_ij,a1,s056,v00,n,n21,13.0
x_ij,a1,s056,v00,n,n22,13.0
x_ij,a1,s056,v00,n,n23,13.0
x_ij,a1,s056,v00,n,n24,13.0
x_ij,a1,s056,v20,n,n17,4.0
x_ij,a1,s056,v20,n,n18,4.0
x_ij,a1,s056,v20,n,n19,4.0
x_ij,a1,s056,v20,n,n20,4.0
x_ij,a1,s056,v20,n,n21,4.0
x_ij,a1,s056,v20,n,n22,4.0
x_ij,a1,s056,v20,n,n23,4.0
x_ij,a1,s056,v20,n,n24,4.0
x_ij,a1,s057,v00,n,n22,7.0
x_ij,a1,s057,v00,n,n23,7.0
x_ij,a1,s057,v00,n,n24,7.0
x_ij,a1,s057,v20,n,n22,1.0
x_ij,a1,s057,v20,n,n23,1.0
x_ij,a1,s057,v20,n,n24,1.0
x_ij,a1,s058,v00,n,n14,13.0
x_ij,a1,s059,v00,n,n14,85.0
x_ij,a1,s059,v00,n,n15,85.0
x_ij,a1,s060,v00,n,n11,6.0
x_ij,a1,s060,v00,n,n12,6.0
x_ij,a1,s060,v00,n,n13,6.0
x_ij,a1,s060,v00,n,n14,6.0
x_ij,a1,s060,v00,n,n15,6.0
x_ij,a1,s060,v00,n,n16,6.0
x_ij,a1,s061,v00,n,n08,6.0
x_ij,a1,s061,v00,n,n09,6.0
x_ij,a1,s061,v00,n,n10,6.0
x_ij,a1,s061,v00,n,n11,6.0
x_ij,a1,s061,v00,n,n12,6.0
x_ij,a1,s061,v00,n,n13,6.0
x_ij,a1,s061,v00,n,n14,6.0
x_ij,a1,s061,v00,n,n15,6.0
x_ij,a1,s062,v00,n,n11,8.0
x_ij,a1,s062,v00,n,n12,8.0
x_ij,a1,s062,v00,n,n13,8.0
x_ij,a1,s062,v00,n,n14,8.0
x_ij,a1,s062,v00,n,n15,8.0
x_ij,a1,s063,v00,n,n16,62.0
x_ij,a1,s063,v00,n,n17,62.0
x_ij,a1,s063,v00,n,n18,62.0
x_ij,a1,s063,v00,n,n19,62.0
x_ij,a1,s063,v00,n,n20,62.0
x_ij,a1,s063,v00,n,n21,62.0
x_ij,a1,s063,v00,n,n22,62.0
x_ij,a1,s063,v00,n,n23,62.0
x_ij,a1,s063,v00,n,n24,62.0
x_ij,a1,s063,v00,n,n25,62.0
x_ij,a1,s064,v00,n,n06,9.0
x_ij,a1,s064,v00,n,n07,9.0
x_ij,a1,s064,v00,n,n08,9.0
x_ij,a1,s064,v00,n,n09,9.0
x_ij,a1,s064,v00,n,n10,9.0
x_ij,a1,s064,v00,n,n11,9.0
x_ij,a1,s064,v00,n,n12,9.0
x_ij,a1,s064,v00,n,n13,9.0
x_ij,a1,s064,v00,n,n14,9.0
x_ij,a1,s064,v00,n,n15,9.0
x_ij,a1,s064,v00,n,n16,9.0
x_ij,a1,s065,v00,n,n06,38.0
x_ij,a1,s065,v00,n,n07,38.0
x_ij,a1,s065,v00,n,n08,38.0
x_ij,a1,s065,v00,n,n09,38.0
x_ij,a1,s065,v00,n,n10,38.0
x_ij,a1,s065,v00,n,n11,38.0
x_ij,a1,s065,v00,n,n12,38.0
x_ij,a1,s065,v00,n,n13,38.0
x_ij,a1,s065,v00,n,n14,38.0
x_ij,a1,s065,v00,n,n15,38.0
x_ij,a1,s065,v00,n,n16,38.0
x_ij,a1,s065,v00,n,n19,38.0
x_ij,a1,s065,v00,n,n20,38.0
x_ij,a1,s065,v00,n,n24,38.0
x_ij,a1,s066,v00,n,n04,102.0
x_ij,a1,s066,v00,n,n05,102.0
x_ij,a1,s066,v00,n,n06,102.0
x_ij,a1,s066,v00,n,n07,102.0
x_ij,a1,s066,v00,n,n08,102.0
x_ij,a1,s066,v00,n,n09,102.0
x_ij,a1,s066,v00,n,n10,102.0
x_ij,a1,s066,v00,n,n11,102.0
x_ij,a1,s066,v00,n,n12,102.0
x_ij,a1,s066,v00,n,n13,102.0
x_ij,a1,s066,v00,n,n14,102.0
x_ij,a1,s066,v00,n,n15,102.0
x_ij,a1,s066,v00,n,n16,102.0
x_ij,a1,s066,v00,n,n17,102.0
x_ij,a1,s066,v00,n,n18,102.0
x_ij,a1,s066,v00,n,n19,102.0
x_ij,a1,s066,v00,n,n20,102.0
x_ij,a1,s066,v00,n,n21,102.0
x_ij,a1,s067,v00,n,n11,61.0
x_ij,a1,s067,v00,n,n12,61.0
x_ij,a1,s068,v00,n,n11,6.0
x_ij,a1,s068,v00,n,n12,6.0
x_ij,a1,s068,v00,n,n13,6.0
x_ij,a1,s068,v00,n,n14,6.0
x_ij,a1,s068,v00,n,n15,6.0
x_ij,a1,s068,v00,n,n16,6.0
x_ij,a1,s069,v00,n,n14,38.0
x_ij,a1,s069,v00,n,n15,38.0
x_ij,a1,s069,v00,n,n16,38.0
x_ij,a1,s069,v00,n,n17,38.0
x_ij,a1,s069,v00,n,n18,38.0
x_ij,a1,s069,v00,n,n19,38.0
x_ij,a1,s069,v00,n,n20,38.0
x_ij,a1,s069,v00,n,n21,38.0
x_ij,a1,s069,v00,n,n22,38.0
x_ij,a1,s069,v00,n,n23,38.0
x_ij,a1,s069,v00,n,n24,38.0
x_ij,a1,s069,v00,n,n25,38.0
x_ij,a1,s070,v00,n,n13,6.0
x_ij,a1,s070,v00,n,n14,6.0
x_ij,a1,s070,v00,n,n15,6.0
x_ij,a1,s071,v00,n,n06,9.0
x_ij,a1,s071,v00,n,n07,9.0
x_ij,a1,s071,v00,n,n08,9.0
x_ij,a1,s071,v00,n,n09,9.0
x_ij,a1,s071,v00,n,n10,9.0
x_ij,a1,s071,v00,n,n11,9.0
x_ij,a1,s071,v00,n,n12,9.0
x_ij,a1,s071,v00,n,n13,9.0
x_ij,a1,s071,v00,n,n14,9.0
x_ij,a1,s071,v00,n,n15,9.0
x_ij,a1,s071,v00,n,n16,9.0
x_ij,a1,s072,v00,n,n06,102.0
x_ij,a1,s072,v00,n,n07,102.0
x_ij,a1,s072,v00,n,n08,102.0
x_ij,a1,s072,v00,n,n09,102.0
x_ij,a1,s072,v00,n,n10,102.0
x_ij,a1,s072,v00,n,n11,102.0
x_ij,a1,s072,v00,n,n12,102.0
x_ij,a1,s072,v00,n,n13,102.0
x_ij,a1,s072,v00,n,n14,102.0
x_ij,a1,s072,v00,n,n15,102.0
x_ij,a1,s072,v00,n,n16,102.0
x_ij,a1,s073,v00,n,n13,6.0
x_ij,a1,s073,v00,n,n14,6.0
x_ij,a1,s073,v00,n,n15,6.0
x_ij,a1,s073,v00,n,n16,6.0
x_ij,a1,s074,v00,n,n06,6.0
x_ij,a1,s074,v00,n,n07,6.0
x_ij,a1,s074,v00,n,n08,6.0
x_ij,a1,s074,v00,n,n09,6.0
x_ij,a1,s074,v00,n,n10,6.0
x_ij,a1,s074,v00,n,n11,6.0
x_ij,a1,s074,v00,n,n12,6.0
x_ij,a1,s074,v00,n,n13,6.0
x_ij,a1,s074,v00,n,n14,6.0
x_ij,a1,s074,v00,n,n15,6.0
x_ij,a1,s075,v00,n,n06,59.0
x_ij,a1,s075,v00,n,n07,59.0
x_ij,a1,s075,v00,n,n08,59.0
x_ij,a1,s075,v00,n,n09,59.0
x_ij,a1,s075,v00,n,n10,59.0
x_ij,a1,s075,v00,n,n11,59.0
x_ij,a1,s075,v00,n,n12,59.0
x_ij,a1,s075,v00,n,n13,59.0
x_ij,a1,s075,v00,n,n14,59.0
x_ij,a1,s075,v00,n,n15,59.0
x_ij,a1,s075,v00,n,n16,59.0
x_ij,a1,s076,v00,n,n06,65.0
x_ij,a1,s076,v00,n,n07,65.0
x_ij,a1,s076,v00,n,n08,65.0
x_ij,a1,s076,v00,n,n09,65.0
x_ij,a1,s076,v00,n,n10,65.0
x_ij,a1,s076,v00,n,n11,65.0
x_ij,a1,s076,v00,n,n12,65.0
x_ij,a1,s076,v00,n,n13,65.0
x_ij,a1,s076,v00,n,n14,65.0
x_ij,a1,s076,v00,n,n15,65.0
x_ij,a1,s076,v00,n,n16,65.0
x_ij,a1,s077,v00,n,n01,53.0
x_ij,a1,s077,v00,n,n02,73.0
x_ij,a1,s077,v00,n,n03,73.0
x_ij,a1,s077,v00,n,n04,73.0
x_ij,a1,s077,v00,n,n05,73.0
x_ij,a1,s077,v00,n,n06,73.0
x_ij,a1,s077,v00,n,n07,73.0
x_ij,a1,s077,v00,n,n08,73.0
x_ij,a1,s077,v00,n,n09,73.0
x_ij,a1,s077,v00,n,n10,73.0
x_ij,a1,s077,v00,n,n11,73.0
x_ij,a1,s077,v00,n,n12,73.0
x_ij,a1,s077,v00,n,n13,73.0
x_ij,a1,s077,v00,n,n14,73.0
x_ij,a1,s077,v00,n,n15,73.0
x_ij,a1,s077,v00,n,n16,73.0
x_ij,a1,s077,v00,n,n17,73.0
x_ij,a1,s077,v00,n,n18,73.0
x_ij,a1,s077,v00,n,n19,73.0
x_ij,a1,s077,v00,n,n20,73.0
x_ij,a1,s077,v00,n,n21,73.0
x_ij,a1,s077,v00,n,n22,73.0
x_ij,a1,s077,v00,n,n23,73.0
x_ij,a1,s077,v00,n,n24,73.0
x_ij,a1,s077,v00,n,n25,73.0
x_ij,a1,s077,v20,n,n01,1.0
x_ij,a1,s078,v00,n,n06,6.0
x_ij,a1,s078,v00,n,n07,6.0
x_ij,a1,s078,v00,n,n08,6.0
x_ij,a1,s078,v00,n,n09,6.0
x_ij,a1,s078,v00,n,n10,6.0
x_ij,a1,s078,v00,n,n11,6.0
x_ij,a1,s078,v00,n,n12,6.0
x_ij,a1,s078,v00,n,n13,6.0
x_ij,a1,s078,v00,n,n14,6.0
x_ij,a1,s078,v00,n,n15,6.0
x_ij,a1,s078,v00,n,n16,6.0
x_ij,a1,s078,v00,n,n17,6.0
x_ij,a1,s078,v00,n,n18,6.0
x_ij,a1,s078,v00,n,n19,6.0
x_ij,a1,s078,v00,n,n20,6.0
x_ij,a1,s079,v00,n,n08,6.0
x_ij,a1,s079,v00,n,n09,6.0
x_ij,a1,s079,v00,n,n10,6.0
x_ij,a1,s079,v00,n,n11,6.0
x_ij,a1,s079,v00,n,n12,6.0
x_ij,a1,s079,v00,n,n13,6.0
x_ij,a1,s079,v00,n,n14,6.0
x_ij,a1,s079,v00,n,n15,6.0
x_ij,a1,s079,v00,n,n16,6.0
x_ij,a1,s080,v00,n,n06,76.0
x_ij,a1,s080,v00,n,n07,76.0
x_ij,a1,s080,v00,n,n08,76.0
x_ij,a1,s080,v00,n,n09,76.0
x_ij,a1,s080,v00,n,n10,76.0
x_ij,a1,s080,v00,n,n11,76.0
x_ij,a1,s080,v00,n,n12,76.0
x_ij,a1,s080,v00,n,n13,76.0
x_ij,a1,s080,v00,n,n14,76.0
x_ij,a1,s080,v00,n,n15,76.0
x_ij,a1,s080,v00,n,n16,76.0
x_ij,a1,s080,v00,n,n17,76.0
x_ij,a1,s080,v00,n,n18,76.0
x_ij,a1,s081,v00,n,n06,6.0
x_ij,a1,s081,v00,n,n07,6.0
x_ij,a1,s081,v00,n,n08,6.0
x_ij,a1,s081,v00,n,n09,6.0
x_ij,a1,s081,v00,n,n10,6.0
x_ij,a1,s081,v00,n,n11,6.0
x_ij,a1,s081,v00,n,n12,6.0
x_ij,a1,s081,v00,n,n13,6.0
x_ij,a1,s081,v00,n,n14,6.0
x_ij,a1,s081,v00,n,n15,6.0
x_ij,a1,s081,v00,n,n16,6.0
x_ij,a1,s082,v00,n,n15,5.0
x_ij,a1,s083,v00,n,n13,10.0
x_ij,a1,s083,v00,n,n14,10.0
x_ij,a1,s083,v00,n,n15,10.0
x_ij,a1,s083,v00,n,n16,10.0
x_ij,a1,s084,v00,n,n06,6.0
x_ij,a1,s084,v00,n,n07,6.0
x_ij,a1,s084,v00,n,n08,6.0
x_ij,a1,s084,v00,n,n09,6.0
x_ij,a1,s084,v00,n,n10,6.0
x_ij,a1,s084,v00,n,n11,6.0
x_ij,a1,s084,v00,n,n12,6.0
x_ij,a1,s084,v00,n,n13,6.0
x_ij,a1,s084,v00,n,n14,6.0
x_ij,a1,s084,v00,n,n15,6.0
x_ij,a1,s085,v00,n,n06,4.0
x_ij,a1,s085,v00,n,n07,4.0
x_ij,a1,s085,v00,n,n08,4.0
x_ij,a1,s085,v00,n,n09,4.0
x_ij,a1,s085,v00,n,n10,4.0
x_ij,a1,s085,v00,n,n11,4.0
x_ij,a1,s085,v00,n,n12,4.0
x_ij,a1,s085,v00,n,n13,4.0
x_ij,a1,s085,v00,n,n14,4.0
x_ij,a1,s086,v00,n,n06,47.0
x_ij,a1,s086,v00,n,n07,47.0
x_ij,a1,s086,v00,n,n08,47.0
x_ij,a1,s086,v00,n,n09,47.0
x_ij,a1,s086,v00,n,n10,47.0
x_ij,a1,s086,v00,n,n11,47.0
x_ij,a1,s086,v00,n,n12,47.0
x_ij,a1,s086,v00,n,n13,47.0
x_ij,a1,s086,v00,n,n14,47.0
x_ij,a1,s086,v00,n,n15,47.0
x_ij,a1,s086,v00,n,n16,47.0
x_ij,a1,s087,v00,n,n04,29.0
x_ij,a1,s087,v00,n,n05,29.0
x_ij,a1,s087,v00,n,n06,29.0
x_ij,a1,s087,v00,n,n07,29.0
x_ij,a1,s087,v00,n,n08,29.0
x_ij,a1,s087,v00,n,n09,29.0
x_ij,a1,s087,v00,n,n10,29.0
x_ij,a1,s087,v00,n,n11,29.0
x_ij,a1,s087,v00,n,n12,29.0
x_ij,a1,s087,v00,n,n13,29.0
x_ij,a1,s087,v00,n,n14,29.0
x_ij,a1,s087,v00,n,n15,29.0
x_ij,a1,s087,v00,n,n16,29.0
x_ij,a1,s087,v00,n,n17,29.0
x_ij,a1,s087,v00,n,n18,29.0
x_ij,a1,s087,v00,n,n19,29.0
x_ij,a1,s087,v00,n,n20,29.0
x_ij,a1,s087,v00,n,n21,29.0
x_ij,a1,s087,v00,n,n24,29.0
x_ij,a1,s088,v00,n,n04,87.0
x_ij,a1,s088,v00,n,n05,87.0
x_ij,a1,s088,v00,n,n06,87.0
x_ij,a1,s088,v00,n,n07,87.0
x_ij,a1,s088,v00,n,n08,87.0
x_ij,a1,s088,v00,n,n09,87.0
x_ij,a1,s088,v00,n,n10,87.0
x_ij,a1,s088,v00,n,n11,87.0
x_ij,a1,s088,v00,n,n12,87.0
x_ij,a1,s088,v00,n,n13,87.0
x_ij,a1,s088,v00,n,n14,87.0
x_ij,a1,s088,v00,n,n15,87.0
x_ij,a1,s088,v00,n,n16,87.0
x_ij,a1,s088,v00,n,n17,87.0
x_ij,a1,s088,v00,n,n18,87.0
x_ij,a1,s088,v00,n,n19,87.0
x_ij,a1,s088,v00,n,n20,87.0
x_ij,a1,s088,v00,n,n21,87.0
x_ij,a1,s089,v00,n,n01,8.0
x_ij,a1,s089,v00,n,n02,8.0
x_ij,a1,s089,v00,n,n03,8.0
x_ij,a1,s089,v00,n,n04,8.0
x_ij,a1,s089,v00,n,n05,8.0
x_ij,a1,s089,v00,n,n06,8.0
x_ij,a1,s089,v00,n,n07,8.0
x_ij,a1,s089,v00,n,n08,8.0
x_ij,a1,s089,v00,n,n09,8.0
x_ij,a1,s089,v00,n,n10,8.0
x_ij,a1,s089,v00,n,n11,8.0
x_ij,a1,s089,v00,n,n12,8.0
x_ij,a1,s089,v00,n,n13,8.0
x_ij,a1,s089,v00,n,n14,8.0
x_ij,a1,s089,v00,n,n15,8.0
x_ij,a1,s089,v00,n,n16,8.0
x_ij,a1,s089,v00,n,n17,8.0
x_ij,a1,s089,v00,n,n18,8.0
x_ij,a1,s089,v00,n,n19,8.0
x_ij,a1,s089,v00,n,n20,8.0
x_ij,a1,s089,v00,n,n21,8.0
x_ij,a1,s089,v00,n,n22,8.0
x_ij,a1,s089,v00,n,n23,8.0
x_ij,a1,s089,v00,n,n24,8.0
x_ij,a1,s089,v00,n,n25,8.0
x_ij,a1,s090,v00,n,n08,6.0
x_ij,a1,s090,v00,n,n09,6.0
x_ij,a1,s090,v00,n,n10,6.0
x_ij,a1,s090,v00,n,n11,6.0
x_ij,a1,s090,v00,n,n12,6.0
x_ij,a1,s090,v00,n,n13,6.0
x_ij,a1,s090,v00,n,n14,6.0
x_ij,a1,s090,v00,n,n15,6.0
x_ij,a1,s090,v00,n,n16,6.0
x_ij,a1,s091,v00,n,n08,10.0
x_ij,a1,s091,v00,n,n09,10.0
x_ij,a1,s091,v00,n,n10,10.0
x_ij,a1,s091,v00,n,n11,10.0
x_ij,a1,s091,v00,n,n12,10.0
x_ij,a1,s091,v00,n,n13,10.0
x_ij,a1,s091,v00,n,n14,10.0
x_ij,a1,s091,v00,n,n15,10.0
x_ij,a1,s091,v00,n,n16,10.0
x_ij,a1,s092,v00,n,n11,74.0
x_ij,a1,s092,v00,n,n12,74.0
x_ij,a1,s092,v00,n,n13,74.0
x_ij,a1,s092,v00,n,n14,74.0
x_ij,a1,s092,v00,n,n15,74.0
x_ij,a1,s092,v00,n,n16,74.0
x_ij,a1,s094,v00,n,n06,10.0
x_ij,a1,s094,v00,n,n07,10.0
x_ij,a1,s094,v00,n,n08,10.0
x_ij,a1,s094,v00,n,n09,10.0
x_ij,a1,s094,v00,n,n10,10.0
x_ij,a1,s094,v00,n,n11,10.0
x_ij,a1,s094,v00,n,n12,10.0
x_ij,a1,s094,v00,n,n13,10.0
x_ij,a1,s094,v00,n,n14,10.0
x_ij,a1,s094,v00,n,n15,10.0
x_ij,a1,s094,v00,n,n16,10.0
x_ij,a1,s095,v00,n,n03,6.0
x_ij,a1,s095,v00,n,n04,6.0
x_ij,a1,s095,v00,n,n05,6.0
x_ij,a1,s095,v00,n,n06,6.0
x_ij,a1,s095,v00,n,n07,6.0
x_ij,a1,s095,v00,n,n08,6.0
x_ij,a1,s095,v00,n,n09,6.0
x_ij,a1,s095,v00,n,n10,6.0
x_ij,a1,s095,v00,n,n11,6.0
x_ij,a1,s095,v00,n,n12,6.0
x_ij,a1,s095,v00,n,n13,6.0
x_ij,a1,s095,v00,n,n14,6.0
x_ij,a1,s095,v00,n,n15,6.0
x_ij,a1,s095,v00,n,n16,6.0
x_ij,a1,s095,v00,n,n18,6.0
x_ij,a1,s095,v00,n,n19,6.0
x_ij,a1,s095,v00,n,n20,6.0
x_ij,a1,s095,v00,n,n21,6.0
x_ij,a1,s096,v00,n,n06,118.0
x_ij,a1,s096,v00,n,n07,118.0
x_ij,a1,s096,v00,n,n08,118.0
x_ij,a1,s096,v00,n,n09,118.0
x_ij,a1,s096,v00,n,n10,118.0
x_ij,a1,s096,v00,n,n11,118.0
x_ij,a1,s096,v00,n,n12,118.0
x_ij,a1,s096,v00,n,n13,118.0
x_ij,a1,s096,v00,n,n14,118.0
x_ij,a1,s096,v00,n,n15,118.0
x_ij,a1,s097,v00,n,n03,6.0
x_ij,a1,s097,v00,n,n04,6.0
x_ij,a1,s097,v00,n,n05,6.0
x_ij,a1,s097,v00,n,n06,6.0
x_ij,a1,s097,v00,n,n07,6.0
x_ij,a1,s097,v00,n,n08,6.0
x_ij,a1,s097,v00,n,n09,6.0
x_ij,a1,s097,v00,n,n10,6.0
x_ij,a1,s097,v00,n,n11,6.0
x_ij,a1,s097,v00,n,n12,6.0
x_ij,a1,s097,v00,n,n13,6.0
x_ij,a1,s097,v00,n,n14,6.0
x_ij,a1,s097,v00,n,n15,6.0
x_ij,a1,s097,v00,n,n16,6.0
x_ij,a1,s097,v00,n,n19,6.0
x_ij,a1,s097,v00,n,n20,6.0
x_ij,a1,s098,v00,n,n01,76.0
x_ij,a1,s098,v00,n,n02,76.0
x_ij,a1,s098,v00,n,n03,76.0
x_ij,a1,s098,v00,n,n04,76.0
x_ij,a1,s098,v00,n,n05,76.0
x_ij,a1,s098,v00,n,n06,76.0
x_ij,a1,s098,v00,n,n07,76.0
x_ij,a1,s098,v00,n,n16,76.0
x_ij,a1,s098,v00,n,n24,76.0
x_ij,a1,s098,v00,n,n25,76.0
x_ij,a1,s099,v00,n,n04,4.0
x_ij,a1,s099,v00,n,n05,4.0
x_ij,a1,s099,v00,n,n06,4.0
x_ij,a1,s099,v00,n,n07,4.0
x_ij,a1,s099,v00,n,n08,4.0
x_ij,a1,s099,v00,n,n09,4.0
x_ij,a1,s099,v00,n,n10,4.0
x_ij,a1,s099,v00,n,n11,4.0
x_ij,a1,s099,v00,n,n12,4.0
x_ij,a1,s099,v00,n,n13,4.0
x_ij,a1,s099,v00,n,n14,4.0
x_ij,a1,s099,v00,n,n15,4.0
x_ij,a1,s099,v00,n,n16,4.0
x_ij,a1,s099,v00,n,n17,4.0
x_ij,a1,s099,v00,n,n18,4.0
x_ij,a1,s099,v00,n,n19,4.0
x_ij,a1,s099,v00,n,n20,4.0
x_ij,a1,s099,v00,n,n21,4.0
x_ij,a1,s099,v00,n,n25,4.0
x_ij,a1,s100,v00,n,n06,6.0
x_ij,a1,s100,v00,n,n07,6.0
x_ij,a1,s100,v00,n,n08,6.0
x_ij,a1,s100,v00,n,n09,6.0
x_ij,a1,s100,v00,n,n10,6.0
x_ij,a1,s100,v00,n,n11,6.0
x_ij,a1,s100,v00,n,n12,6.0
x_ij,a1,s100,v00,n,n13,6.0
x_ij,a1,s100,v00,n,n14,6.0
x_ij,a1,s100,v00,n,n15,6.0
x_ij,a1,s100,v00,n,n16,6.0
x_ij,a1,s100,v00,n,n17,6.0
x_ij,a1,s100,v00,n,n18,6.0
x_ij,a1,s100,v00,n,n19,6.0
x_ij,a1,s100,v00,n,n20,6.0
x_ij,a1,s101,v00,n,n14,8.0
x_ij,a1,s101,v00,n,n15,8.0
x_ij,a1,s102,v00,n,n06,6.0
x_ij,a1,s102,v00,n,n07,6.0
x_ij,a1,s102,v00,n,n08,6.0
x_ij,a1,s102,v00,n,n09,6.0
x_ij,a1,s102,v00,n,n10,6.0
x_ij,a1,s102,v00,n,n11,6.0
x_ij,a1,s102,v00,n,n12,6.0
x_ij,a1,s102,v00,n,n13,6.0
x_ij,a1,s102,v00,n,n14,6.0
x_ij,a1,s102,v00,n,n15,6.0
x_ij,a1,s102,v00,n,n16,6.0
x_ij,a1,s103,v00,n,n06,10.0
x_ij,a1,s103,v00,n,n07,10.0
x_ij,a1,s103,v00,n,n08,10.0
x_ij,a1,s103,v00,n,n09,10.0
x_ij,a1,s103,v00,n,n10,10.0
x_ij,a1,s103,v00,n,n11,10.0
x_ij,a1,s103,v00,n,n12,10.0
x_ij,a1,s103,v00,n,n13,10.0
x_ij,a1,s103,v00,n,n14,10.0
x_ij,a1,s103,v00,n,n15,10.0
x_ij,a1,s103,v00,n,n16,10.0
x_ij,a1,s104,v00,n,n03,4.0
x_ij,a1,s104,v00,n,n04,4.0
x_ij,a1,s104,v00,n,n05,4.0
x_ij,a1,s104,v00,n,n06,4.0
x_ij,a1,s104,v00,n,n07,4.0
x_ij,a1,s104,v00,n,n08,4.0
x_ij,a1,s104,v00,n,n09,4.0
x_ij,a1,s104,v00,n,n10,4.0
x_ij,a1,s104,v00,n,n11,4.0
x_ij,a1,s104,v00,n,n12,4.0
x_ij,a1,s104,v00,n,n13,4.0
x_ij,a1,s104,v00,n,n14,4.0
x_ij,a1,s104,v00,n,n15,4.0
x_ij,a1,s104,v00,n,n16,4.0
x_ij,a1,s104,v00,n,n20,4.0
x_ij,a1,s105,v00,n,n13,10.0
x_ij,a1,s105,v00,n,n14,10.0
x_ij,a1,s105,v00,n,n15,10.0
x_ij,a1,s105,v00,n,n16,10.0
x_ij,a1,s105,v00,n,n17,10.0
x_ij,a1,s105,v00,n,n18,10.0
x_ij,a1,s105,v00,n,n19,10.0
x_ij,a1,s105,v00,n,n20,10.0
x_ij,a1,s105,v00,n,n21,10.0
x_ij,a1,s105,v00,n,n22,10.0
x_ij,a1,s105,v00,n,n23,10.0
x_ij,a1,s106,v00,n,n06,84.0
x_ij,a1,s106,v00,n,n07,84.0
x_ij,a1,s106,v00,n,n08,84.0
x_ij,a1,s106,v00,n,n09,84.0
x_ij,a1,s106,v00,n,n10,84.0
x_ij,a1,s106,v00,n,n11,84.0
x_ij,a1,s106,v00,n,n12,84.0
x_ij,a1,s106,v00,n,n13,84.0
x_ij,a1,s106,v00,n,n14,84.0
x_ij,a1,s106,v00,n,n15,84.0
x_ij,a1,s106,v00,n,n16,84.0
x_ij,a1,s108,v00,n,n04,81.0
x_ij,a1,s108,v00,n,n05,81.0
x_ij,a1,s108,v00,n,n06,81.0
x_ij,a1,s108,v00,n,n07,81.0
x_ij,a1,s108,v00,n,n08,81.0
x_ij,a1,s108,v00,n,n09,81.0
x_ij,a1,s108,v00,n,n10,81.0
x_ij,a1,s108,v00,n,n11,81.0
x_ij,a1,s108,v00,n,n12,81.0
x_ij,a1,s108,v00,n,n13,81.0
x_ij,a1,s108,v00,n,n14,81.0
x_ij,a1,s108,v00,n,n15,81.0
x_ij,a1,s108,v00,n,n16,81.0
x_ij,a1,s109,v00,n,n16,66.0
x_ij,a1,s110,v00,n,n08,10.0
x_ij,a1,s110,v00,n,n09,10.0
x_ij,a1,s110,v00,n,n10,10.0
x_ij,a1,s110,v00,n,n11,10.0
x_ij,a1,s110,v00,n,n12,10.0
x_ij,a1,s111,v00,n,n15,5.0
x_ij,a1,s112,v00,n,n11,40.0
x_ij,a1,s112,v00,n,n12,40.0
x_ij,a1,s112,v00,n,n13,40.0
x_ij,a1,s112,v00,n,n14,40.0
x_ij,a1,s112,v00,n,n15,40.0
x_ij,a1,s112,v00,n,n16,40.0
x_ij,a1,s112,v00,n,n17,40.0
x_ij,a1,s112,v00,n,n18,40.0
x_ij,a1,s112,v00,n,n19,40.0
x_ij,a1,s112,v00,n,n25,40.0
x_ij,a1,s114,v00,n,n14,76.0
x_ij,a1,s114,v00,n,n15,76.0
x_ij,a1,s114,v00,n,n16,76.0
x_ij,a1,s117,v00,n,n04,100.0
x_ij,a1,s117,v00,n,n05,100.0
x_ij,a1,s117,v00,n,n06,100.0
x_ij,a1,s117,v00,n,n07,100.0
x_ij,a1,s117,v00,n,n08,100.0
x_ij,a1,s117,v00,n,n09,100.0
x_ij,a1,s117,v00,n,n10,100.0
x_ij,a1,s117,v00,n,n11,100.0
x_ij,a1,s117,v00,n,n12,100.0
x_ij,a1,s117,v00,n,n13,100.0
x_ij,a1,s117,v00,n,n14,100.0
x_ij,a1,s117,v00,n,n15,100.0
x_ij,a1,s117,v00,n,n16,100.0
x_ij,a1,s118,v00,n,n06,8.0
x_ij,a1,s118,v00,n,n07,8.0
x_ij,a1,s118,v00,n,n08,8.0
x_ij,a1,s118,v00,n,n09,8.0
x_ij,a1,s118,v00,n,n10,8.0
x_ij,a1,s118,v00,n,n11,8.0
x_ij,a1,s118,v00,n,n12,8.0
x_ij,a1,s118,v00,n,n13,8.0
x_ij,a1,s118,v00,n,n14,8.0
x_ij,a1,s118,v00,n,n15,8.0
x_ij,a1,s118,v00,n,n16,8.0
x_ij,a1,s119,v00,n,n01,5.0
x_ij,a1,s119,v00,n,n02,5.0
x_ij,a1,s119,v00,n,n03,5.0
x_ij,a1,s119,v00,n,n04,5.0
x_ij,a1,s119,v00,n,n05,5.0
x_ij,a1,s119,v00,n,n06,5.0
x_ij,a1,s119,v00,n,n07,5.0
x_ij,a1,s119,v00,n,n08,5.0
x_ij,a1,s119,v00,n,n09,5.0
x_ij,a1,s119,v00,n,n10,5.0
x_ij,a1,s119,v00,n,n11,5.0
x_ij,a1,s119,v00,n,n12,5.0
x_ij,a1,s119,v00,n,n13,5.0
x_ij,a1,s119,v00,n,n14,5.0
x_ij,a1,s119,v00,n,n15,5.0
x_ij,a1,s119,v00,n,n16,5.0
x_ij,a1,s119,v00,n,n17,5.0
x_ij,a1,s119,v00,n,n18,5.0
x_ij,a1,s119,v00,n,n19,5.0
x_ij,a1,s119,v00,n,n20,5.0
x_ij,a1,s119,v00,n,n21,5.0
x_ij,a1,s119,v00,n,n22,5.0
x_ij,a1,s119,v00,n,n23,5.0
x_ij,a1,s119,v00,n,n24,5.0
x_ij,a1,s119,v00,n,n25,5.0
x_ij,a1,s120,v00,n,n06,127.0
x_ij,a1,s120,v00,n,n07,127.0
x_ij,a1,s120,v00,n,n08,127.0
x_ij,a1,s120,v00,n,n09,127.0
x_ij,a1,s120,v00,n,n10,127.0
x_ij,a1,s120,v00,n,n11,127.0
x_ij,a1,s120,v00,n,n12,127.0
x_ij,a1,s120,v00,n,n13,127.0
x_ij,a1,s120,v00,n,n14,127.0
x_ij,a1,s120,v00,n,n15,127.0
x_ij,a1,s120,v00,n,n16,127.0
x_ij,a1,s121,v00,n,n11,81.0
x_ij,a1,s121,v00,n,n12,81.0
x_ij,a1,s121,v00,n,n13,81.0
x_ij,a1,s122,v00,n,n09,16.0
x_ij,a1,s122,v00,n,n10,16.0
x_ij,a1,s122,v00,n,n11,16.0
x_ij,a1,s122,v00,n,n12,16.0
x_ij,a1,s122,v00,n,n13,16.0
x_ij,a1,s122,v00,n,n14,16.0
x_ij,a1,s122,v00,n,n15,16.0
x_ij,a1,s122,v00,n,n16,16.0
x_ij,a1,s122,v00,n,n17,16.0
x_ij,a1,s122,v00,n,n18,16.0
x_ij,a1,s122,v00,n,n19,16.0
x_ij,a1,s122,v00,n,n20,16.0
x_ij,a1,s122,v00,n,n21,16.0
x_ij,a1,s122,v00,n,n22,16.0
x_ij,a1,s122,v00,n,n23,16.0
x_ij,a1,s122,v00,n,n24,16.0
x_ij,a1,s122,v00,n,n25,16.0
x_ij,a1,s123,v00,n,n06,10.0
x_ij,a1,s123,v00,n,n07,10.0
x_ij,a1,s123,v00,n,n08,10.0
x_ij,a1,s123,v00,n,n09,10.0
x_ij,a1,s123,v00,n,n10,10.0
x_ij,a1,s123,v00,n,n11,10.0
x_ij,a1,s123,v00,n,n12,10.0
x_ij,a1,s123,v00,n,n13,10.0
x_ij,a1,s123,v00,n,n14,10.0
x_ij,a1,s123,v00,n,n15,10.0
x_ij,a1,s123,v00,n,n16,10.0
x_ij,a1,s124,v00,n,n06,43.0
x_ij,a1,s124,v00,n,n07,43.0
x_ij,a1,s124,v00,n,n08,43.0
x_ij,a1,s124,v00,n,n09,43.0
x_ij,a1,s124,v00,n,n10,43.0
x_ij,a1,s124,v00,n,n11,43.0
x_ij,a1,s124,v00,n,n12,43.0
x_ij,a1,s124,v00,n,n13,43.0
x_ij,a1,s124,v00,n,n14,43.0
x_ij,a1,s124,v00,n,n15,43.0
x_ij,a1,s124,v00,n,n16,43.0
x_ij,a1,s127,v00,n,n06,4.0
x_ij,a1,s127,v00,n,n07,4.0
x_ij,a1,s127,v00,n,n08,4.0
x_ij,a1,s127,v00,n,n09,4.0
x_ij,a1,s127,v00,n,n10,4.0
x_ij,a1,s127,v00,n,n11,4.0
x_ij,a1,s127,v00,n,n12,4.0
x_ij,a1,s127,v00,n,n13,4.0
x_ij,a1,s127,v00,n,n14,4.0
x_ij,a1,s127,v00,n,n15,4.0
x_ij,a1,s127,v00,n,n16,4.0
x_ij,a1,s130,v00,n,n16,70.0
x_ij,a1,s130,v00,n,n17,70.0
x_ij,a1,s130,v00,n,n18,70.0
x_ij,a1,s131,v00,n,n16,10.0
x_ij,a1,s132,v00,n,n06,81.0
x_ij,a1,s132,v00,n,n07,81.0
x_ij,a1,s132,v00,n,n08,81.0
x_ij,a1,s132,v00,n,n09,81.0
x_ij,a1,s132,v00,n,n10,81.0
x_ij,a1,s132,v00,n,n11,81.0
x_ij,a1,s132,v00,n,n12,81.0
x_ij,a1,s132,v00,n,n13,81.0
x_ij,a1,s133,v00,n,n14,40.0
x_ij,a1,s133,v00,n,n15,40.0
x_ij,a1,s133,v00,n,n16,40.0
x_ij,a1,s134,v00,n,n06,71.0
x_ij,a1,s134,v00,n,n07,71.0
x_ij,a1,s134,v00,n,n08,71.0
x_ij,a1,s134,v00,n,n09,71.0
x_ij,a1,s134,v00,n,n10,71.0
x_ij,a1,s134,v00,n,n11,71.0
x_ij,a1,s134,v00,n,n12,71.0
x_ij,a1,s134,v00,n,n13,71.0
x_ij,a1,s134,v00,n,n14,71.0
x_ij,a1,s134,v00,n,n15,71.0
x_ij,a1,s134,v00,n,n16,71.0
x_ij,a1,s134,v00,n,n17,71.0
x_ij,a1,s134,v00,n,n25,71.0
x_ij,a1,s135,v00,n,n03,8.0
x_ij,a1,s135,v00,n,n04,8.0
x_ij,a1,s135,v00,n,n05,8.0
x_ij,a1,s135,v00,n,n06,8.0
x_ij,a1,s135,v00,n,n07,8.0
x_ij,a1,s135,v00,n,n08,8.0
x_ij,a1,s135,v00,n,n09,8.0
x_ij,a1,s135,v00,n,n10,8.0
x_ij,a1,s135,v00,n,n11,8.0
x_ij,a1,s135,v00,n,n12,8.0
x_ij,a1,s135,v00,n,n13,8.0
x_ij,a1,s135,v00,n,n14,8.0
x_ij,a1,s135,v00,n,n15,8.0
x_ij,a1,s135,v00,n,n16,8.0
x_ij,a1,s135,v00,n,n17,8.0
x_ij,a1,s135,v00,n,n25,8.0
x_ij,a1,s138,v00,n,n08,76.0
x_ij,a1,s138,v00,n,n09,76.0
x_ij,a1,s138,v00,n,n10,76.0
x_ij,a1,s138,v00,n,n11,76.0
x_ij,a1,s138,v00,n,n12,76.0
x_ij,a1,s138,v00,n,n13,76.0
x_ij,a1,s138,v00,n,n14,76.0
x_ij,a1,s138,v00,n,n15,76.0
x_ij,a1,s139,v00,n,n06,122.0
x_ij,a1,s139,v00,n,n07,122.0
x_ij,a1,s139,v00,n,n08,122.0
x_ij,a1,s139,v00,n,n09,122.0
x_ij,a1,s139,v00,n,n10,122.0
x_ij,a1,s139,v00,n,n11,122.0
x_ij,a1,s139,v00,n,n12,122.0
x_ij,a1,s139,v00,n,n13,122.0
x_ij,a1,s139,v00,n,n14,122.0
x_ij,a1,s139,v00,n,n15,122.0
x_ij,a1,s139,v00,n,n16,122.0
x_ij,a1,s139,v00,n,n17,122.0
x_ij,a1,s139,v00,n,n18,122.0
x_ij,a1,s139,v00,n,n19,122.0
x_ij,a1,s139,v00,n,n20,122.0
x_ij,a1,s139,v00,n,n21,122.0
x_ij,a1,s139,v00,n,n22,122.0
x_ij,a1,s139,v00,n,n23,122.0
x_ij,a1,s141,v00,n,n06,5.0
x_ij,a1,s141,v00,n,n07,5.0
x_ij,a1,s141,v00,n,n08,5.0
x_ij,a1,s141,v00,n,n09,5.0
x_ij,a1,s141,v00,n,n10,5.0
x_ij,a1,s141,v00,n,n11,5.0
x_ij,a1,s141,v00,n,n12,5.0
x_ij,a1,s141,v00,n,n13,5.0
x_ij,a1,s141,v00,n,n14,5.0
x_ij,a1,s141,v00,n,n15,5.0
x_ij,a1,s141,v00,n,n16,5.0
x_ij,a1,s141,v00,n,n17,5.0
x_ij,a1,s141,v00,n,n18,5.0
x_ij,a1,s141,v00,n,n19,5.0
x_ij,a1,s142,v00,n,n16,14.0
x_ij,a1,s144,v00,n,n06,81.0
x_ij,a1,s144,v00,n,n07,81.0
x_ij,a1,s144,v00,n,n08,81.0
x_ij,a1,s144,v00,n,n09,81.0
x_ij,a1,s144,v00,n,n10,81.0
x_ij,a1,s144,v00,n,n11,81.0
x_ij,a1,s144,v00,n,n12,81.0
x_ij,a1,s144,v00,n,n13,81.0
x_ij,a1,s144,v00,n,n14,81.0
x_ij,a1,s144,v00,n,n15,81.0
x_ij,a1,s144,v00,n,n16,81.0
x_ij,a1,s145,v00,n,n06,6.0
x_ij,a1,s145,v00,n,n07,6.0
x_ij,a1,s145,v00,n,n08,6.0
x_ij,a1,s145,v00,n,n09,6.0
x_ij,a1,s145,v00,n,n10,6.0
x_ij,a1,s145,v00,n,n11,6.0
x_ij,a1,s145,v00,n,n12,6.0
x_ij,a1,s145,v00,n,n13,6.0
x_ij,a1,s145,v00,n,n14,6.0
x_ij,a1,s145,v00,n,n15,6.0
x_ij,a1,s145,v00,n,n16,6.0
x_ij,a1,s147,v00,n,n06,8.0
x_ij,a1,s147,v00,n,n07,8.0
x_ij,a1,s147,v00,n,n08,8.0
x_ij,a1,s147,v00,n,n09,8.0
x_ij,a1,s147,v00,n,n10,8.0
x_ij,a1,s147,v00,n,n11,8.0
x_ij,a1,s147,v00,n,n12,8.0
x_ij,a1,s147,v00,n,n13,8.0
x_ij,a1,s147,v00,n,n14,8.0
x_ij,a1,s147,v00,n,n15,8.0
x_ij,a1,s147,v00,n,n16,8.0
x_ij,a1,s147,v00,n,n17,8.0
x_ij,a1,s147,v00,n,n18,8.0
x_ij,a1,s147,v00,n,n19,8.0
x_ij,a1,s147,v00,n,n20,8.0
x_ij,a1,s147,v00,n,n21,8.0
x_ij,a1,s149,v00,n,n01,5.0
x_ij,a1,s149,v00,n,n02,5.0
x_ij,a1,s149,v00,n,n03,5.0
x_ij,a1,s149,v00,n,n04,5.0
x_ij,a1,s149,v00,n,n05,5.0
x_ij,a1,s149,v00,n,n06,5.0
x_ij,a1,s149,v00,n,n07,5.0
x_ij,a1,s149,v00,n,n08,5.0
x_ij,a1,s149,v00,n,n09,5.0
x_ij,a1,s149,v00,n,n10,5.0
x_ij,a1,s149,v00,n,n11,5.0
x_ij,a1,s149,v00,n,n12,5.0
x_ij,a1,s149,v00,n,n13,5.0
x_ij,a1,s149,v00,n,n14,5.0
x_ij,a1,s149,v00,n,n15,5.0
x_ij,a1,s149,v00,n,n16,5.0
x_ij,a1,s149,v00,n,n17,5.0
x_ij,a1,s149,v00,n,n18,5.0
x_ij,a1,s149,v00,n,n19,5.0
x_ij,a1,s149,v00,n,n20,5.0
x_ij,a1,s149,v00,n,n21,5.0
x_ij,a1,s149,v00,n,n22,5.0
x_ij,a1,s149,v00,n,n23,5.0
x_ij,a1,s149,v00,n,n24,5.0
x_ij,a1,s149,v00,n,n25,5.0
x_ij,a1,s150,v00,n,n08,122.0
x_ij,a1,s150,v00,n,n09,122.0
x_ij,a1,s150,v00,n,n10,122.0
x_ij,a1,s150,v00,n,n11,122.0
x_ij,a1,s150,v00,n,n12,122.0
x_ij,a1,s150,v00,n,n13,122.0
x_ij,a1,s150,v00,n,n14,122.0
x_ij,a1,s150,v00,n,n15,122.0
x_ij,a1,s153,v00,n,n15,23.0
x_ij,a1,s153,v00,n,n16,23.0
x_ij,a1,s154,v00,n,n06,10.0
x_ij,a1,s154,v00,n,n07,10.0
x_ij,a1,s154,v00,n,n08,10.0
x_ij,a1,s154,v00,n,n09,10.0
x_ij,a1,s154,v00,n,n10,10.0
x_ij,a1,s154,v00,n,n11,10.0
x_ij,a1,s154,v00,n,n12,10.0
x_ij,a1,s154,v00,n,n13,10.0
x_ij,a1,s154,v00,n,n14,10.0
x_ij,a1,s154,v00,n,n15,10.0
x_ij,a1,s154,v00,n,n16,10.0
x_ij,a1,s154,v00,n,n17,10.0
x_ij,a1,s154,v00,n,n18,10.0
x_ij,a1,s154,v00,n,n19,10.0
x_ij,a1,s154,v00,n,n20,10.0
x_ij,a1,s155,v00,n,n06,7.0
x_ij,a1,s155,v00,n,n07,7.0
x_ij,a1,s155,v00,n,n08,7.0
x_ij,a1,s155,v00,n,n09,7.0
x_ij,a1,s155,v00,n,n10,7.0
x_ij,a1,s155,v00,n,n11,7.0
x_ij,a1,s155,v00,n,n12,7.0
x_ij,a1,s155,v00,n,n13,7.0
x_ij,a1,s155,v00,n,n14,7.0
x_ij,a1,s155,v00,n,n15,7.0
x_ij,a1,s155,v00,n,n16,7.0
x_ij,a1,s155,v00,n,n17,7.0
x_ij,a1,s155,v00,n,n18,7.0
x_ij,a1,s155,v00,n,n19,7.0
x_ij,a1,s156,v00,n,n08,61.0
x_ij,a1,s156,v00,n,n09,61.0
x_ij,a1,s156,v00,n,n10,61.0
x_ij,a1,s156,v00,n,n11,61.0
x_ij,a1,s156,v00,n,n12,61.0
x_ij,a1,s156,v00,n,n13,61.0
x_ij,a1,s156,v00,n,n14,61.0
x_ij,a1,s156,v00,n,n15,61.0
x_ij,a1,s156,v00,n,n16,61.0
x_ij,a1,s156,v00,n,n17,61.0
x_ij,a1,s156,v00,n,n18,61.0
x_ij,a1,s156,v00,n,n19,61.0
x_ij,a1,s156,v00,n,n20,61.0
x_ij,a1,s156,v00,n,n21,61.0
x_ij,a1,s156,v00,n,n22,61.0
x_ij,a1,s156,v00,n,n23,61.0
x_ij,a1,s156,v00,n,n24,61.0
x_ij,a1,s156,v00,n,n25,61.0
x_ij,a1,s157,v00,n,n15,81.0
x_ij,a1,s157,v00,n,n16,81.0
x_ij,a1,s158,v00,n,n06,40.0
x_ij,a1,s158,v00,n,n07,40.0
x_ij,a1,s158,v00,n,n08,40.0
x_ij,a1,s158,v00,n,n09,40.0
x_ij,a1,s158,v00,n,n10,40.0
x_ij,a1,s158,v00,n,n11,40.0
x_ij,a1,s158,v00,n,n12,40.0
x_ij,a1,s158,v00,n,n13,40.0
x_ij,a1,s158,v00,n,n14,40.0
x_ij,a1,s158,v00,n,n15,40.0
x_ij,a1,s158,v00,n,n16,40.0
x_ij,a1,s159,v00,n,n08,136.0
x_ij,a1,s159,v00,n,n09,136.0
x_ij,a1,s159,v00,n,n10,136.0
x_ij,a1,s159,v00,n,n11,136.0
x_ij,a1,s159,v00,n,n12,136.0
x_ij,a1,s160,v00,n,n06,6.0
x_ij,a1,s160,v00,n,n07,6.0
x_ij,a1,s160,v00,n,n08,6.0
x_ij,a1,s160,v00,n,n09,6.0
x_ij,a1,s160,v00,n,n10,6.0
x_ij,a1,s160,v00,n,n11,6.0
x_ij,a1,s160,v00,n,n12,6.0
x_ij,a1,s160,v00,n,n13,6.0
x_ij,a1,s160,v00,n,n14,6.0
x_ij,a1,s160,v00,n,n15,6.0
x_ij,a1,s160,v00,n,n16,6.0
x_ij,a1,s160,v00,n,n17,6.0
x_ij,a1,s160,v00,n,n18,6.0
x_ij,a1,s160,v00,n,n19,6.0
x_ij,a1,s160,v00,n,n20,6.0
x_ij,a1,s160,v00,n,n21,6.0
x_ij,a1,s160,v00,n,n25,6.0
x_ij,a1,s161,v00,n,n14,7.0
x_ij,a1,s161,v00,n,n15,7.0
x_ij,a1,s161,v00,n,n16,7.0
x_ij,a1,s161,v00,n,n17,7.0
x_ij,a1,s162,v00,n,n16,21.0
x_ij,a1,s164,v00,n,n06,5.0
x_ij,a1,s164,v00,n,n07,5.0
x_ij,a1,s164,v00,n,n08,5.0
x_ij,a1,s164,v00,n,n09,5.0
x_ij,a1,s164,v00,n,n10,5.0
x_ij,a1,s164,v00,n,n11,5.0
x_ij,a1,s164,v00,n,n12,5.0
x_ij,a1,s164,v00,n,n13,5.0
x_ij,a1,s164,v00,n,n14,5.0
x_ij,a1,s164,v00,n,n15,5.0
x_ij,a1,s165,v00,n,n08,82.0
x_ij,a1,s165,v00,n,n09,82.0
x_ij,a1,s165,v00,n,n10,82.0
x_ij,a1,s165,v00,n,n11,82.0
x_ij,a1,s165,v00,n,n12,82.0
x_ij,a1,s165,v00,n,n13,82.0
x_ij,a1,s165,v00,n,n14,82.0
x_ij,a1,s165,v00,n,n15,82.0
x_ij,a1,s167,v00,n,n14,8.0
x_ij,a1,s167,v00,n,n15,8.0
x_ij,a1,s169,v00,n,n06,8.0
x_ij,a1,s169,v00,n,n07,8.0
x_ij,a1,s169,v00,n,n08,8.0
x_ij,a1,s169,v00,n,n09,8.0
x_ij,a1,s169,v00,n,n10,8.0
x_ij,a1,s169,v00,n,n11,8.0
x_ij,a1,s169,v00,n,n12,8.0
x_ij,a1,s169,v00,n,n13,8.0
x_ij,a1,s169,v00,n,n14,8.0
x_ij,a1,s169,v00,n,n15,8.0
x_ij,a1,s169,v00,n,n16,8.0
x_ij,a1,s170,v00,n,n06,152.0
x_ij,a1,s170,v00,n,n07,152.0
x_ij,a1,s170,v00,n,n08,152.0
x_ij,a1,s170,v00,n,n09,152.0
x_ij,a1,s170,v00,n,n10,152.0
x_ij,a1,s170,v00,n,n11,152.0
x_ij,a1,s170,v00,n,n12,152.0
x_ij,a1,s170,v00,n,n13,152.0
x_ij,a1,s170,v00,n,n14,152.0
x_ij,a1,s170,v00,n,n15,152.0
x_ij,a1,s170,v00,n,n16,152.0
x_ij,a1,s170,v00,n,n17,152.0
x_ij,a1,s170,v00,n,n18,152.0
x_ij,a1,s170,v00,n,n19,152.0
x_ij,a1,s170,v00,n,n20,152.0
x_ij,a1,s170,v00,n,n21,152.0
x_ij,a1,s171,v00,n,n04,5.0
x_ij,a1,s171,v00,n,n05,5.0
x_ij,a1,s171,v00,n,n06,5.0
x_ij,a1,s171,v00,n,n07,5.0
x_ij,a1,s171,v00,n,n08,5.0
x_ij,a1,s171,v00,n,n09,5.0
x_ij,a1,s171,v00,n,n10,5.0
x_ij,a1,s171,v00,n,n11,5.0
x_ij,a1,s171,v00,n,n12,5.0
x_ij,a1,s171,v00,n,n13,5.0
x_ij,a1,s171,v00,n,n14,5.0
x_ij,a1,s171,v00,n,n15,5.0
x_ij,a1,s171,v00,n,n16,5.0
x_ij,a1,s171,v00,n,n17,5.0
x_ij,a1,s171,v00,n,n18,5.0
x_ij,a1,s171,v00,n,n19,5.0
x_ij,a1,s171,v00,n,n20,5.0
x_ij,a1,s171,v00,n,n21,5.0
x_ij,a1,s171,v00,n,n25,5.0
x_ij,a1,s173,v00,n,n06,6.0
x_ij,a1,s173,v00,n,n07,6.0
x_ij,a1,s173,v00,n,n08,6.0
x_ij,a1,s173,v00,n,n09,6.0
x_ij,a1,s173,v00,n,n10,6.0
x_ij,a1,s173,v00,n,n11,6.0
x_ij,a1,s173,v00,n,n12,6.0
x_ij,a1,s173,v00,n,n13,6.0
x_ij,a1,s173,v00,n,n14,6.0
x_ij,a1,s173,v00,n,n15,6.0
x_ij,a1,s173,v00,n,n16,6.0
x_ij,a1,s173,v00,n,n17,6.0
x_ij,a1,s173,v00,n,n18,6.0
x_ij,a1,s173,v00,n,n19,6.0
x_ij,a1,s173,v00,n,n20,6.0
x_ij,a1,s173,v00,n,n21,6.0
x_ij,a1,s173,v00,n,n25,6.0
x_ij,a1,s174,v00,n,n06,61.0
x_ij,a1,s174,v00,n,n07,61.0
x_ij,a1,s174,v00,n,n08,61.0
x_ij,a1,s174,v00,n,n09,61.0
x_ij,a1,s174,v00,n,n10,61.0
x_ij,a1,s174,v00,n,n11,61.0
x_ij,a1,s174,v00,n,n12,61.0
x_ij,a1,s174,v00,n,n13,61.0
x_ij,a1,s174,v00,n,n14,61.0
x_ij,a1,s174,v00,n,n15,61.0
x_ij,a1,s175,v00,n,n04,3.0
x_ij,a1,s175,v00,n,n05,3.0
x_ij,a1,s175,v00,n,n06,3.0
x_ij,a1,s175,v00,n,n07,3.0
x_ij,a1,s175,v00,n,n08,3.0
x_ij,a1,s175,v00,n,n09,3.0
x_ij,a1,s175,v00,n,n10,3.0
x_ij,a1,s175,v00,n,n11,3.0
x_ij,a1,s175,v00,n,n12,3.0
x_ij,a1,s175,v00,n,n13,3.0
x_ij,a1,s175,v00,n,n14,3.0
x_ij,a1,s175,v00,n,n15,3.0
x_ij,a1,s175,v00,n,n16,3.0
x_ij,a1,s176,v00,n,n14,4.0
x_ij,a1,s176,v00,n,n15,4.0
x_ij,a1,s176,v00,n,n16,4.0
x_ij,a1,s179,v00,n,n11,129.0
x_ij,a1,s179,v00,n,n12,129.0
x_ij,a1,s179,v00,n,n13,129.0
x_ij,a1,s179,v00,n,n14,129.0
x_ij,a1,s179,v00,n,n15,129.0
x_ij,a1,s179,v00,n,n16,129.0
x_ij,a1,s179,v00,n,n17,129.0
x_ij,a1,s181,v00,n,n13,10.0
x_ij,a1,s181,v00,n,n14,10.0
x_ij,a1,s181,v00,n,n15,10.0
x_ij,a1,s181,v00,n,n16,10.0
x_ij,a1,s181,v00,n,n17,10.0
x_ij,a1,s181,v00,n,n18,10.0
x_ij,a1,s181,v00,n,n19,10.0
x_ij,a1,s181,v00,n,n20,10.0
x_ij,a1,s181,v00,n,n21,10.0
x_ij,a1,s182,v00,n,n10,10.0
x_ij,a1,s182,v00,n,n11,10.0
x_ij,a1,s182,v00,n,n12,10.0
x_ij,a1,s182,v00,n,n13,10.0
x_ij,a1,s182,v00,n,n14,10.0
x_ij,a1,s182,v00,n,n15,10.0
x_ij,a1,s182,v00,n,n16,10.0
x_ij,a1,s182,v00,n,n17,10.0
x_ij,a1,s182,v00,n,n18,10.0
x_ij,a1,s182,v00,n,n19,10.0
x_ij,a1,s182,v00,n,n20,10.0
x_ij,a1,s182,v00,n,n21,10.0
x_ij,a1,s182,v00,n,n22,10.0
x_ij,a1,s182,v00,n,n23,10.0
x_ij,a1,s182,v00,n,n24,10.0
x_ij,a1,s182,v00,n,n25,10.0
x_ij,a1,s183,v00,n,n04,5.0
x_ij,a1,s183,v00,n,n05,5.0
x_ij,a1,s183,v00,n,n06,5.0
x_ij,a1,s183,v00,n,n07,5.0
x_ij,a1,s183,v00,n,n08,5.0
x_ij,a1,s183,v00,n,n09,5.0
x_ij,a1,s183,v00,n,n10,5.0
x_ij,a1,s183,v00,n,n11,5.0
x_ij,a1,s183,v00,n,n12,5.0
x_ij,a1,s183,v00,n,n13,5.0
x_ij,a1,s183,v00,n,n14,5.0
x_ij,a1,s183,v00,n,n15,5.0
x_ij,a1,s184,v00,n,n08,2.0
x_ij,a1,s184,v00,n,n09,2.0
x_ij,a1,s184,v00,n,n10,2.0
x_ij,a1,s184,v00,n,n11,2.0
x_ij,a1,s184,v00,n,n12,2.0
x_ij,a1,s184,v00,n,n13,2.0
x_ij,a1,s184,v00,n,n14,2.0
x_ij,a1,s184,v00,n,n15,2.0
x_ij,a1,s184,v00,n,n16,2.0
x_ij,a1,s186,v00,n,n15,4.0
x_ij,a1,s186,v00,n,n16,4.0
x_ij,a1,s187,v00,n,n01,8.0
x_ij,a1,s187,v00,n,n02,8.0
x_ij,a1,s187,v00,n,n03,8.0
x_ij,a1,s187,v00,n,n04,8.0
x_ij,a1,s187,v00,n,n05,8.0
x_ij,a1,s187,v00,n,n06,8.0
x_ij,a1,s187,v00,n,n07,8.0
x_ij,a1,s187,v00,n,n08,8.0
x_ij,a1,s187,v00,n,n09,8.0
x_ij,a1,s187,v00,n,n10,8.0
x_ij,a1,s187,v00,n,n11,8.0
x_ij,a1,s187,v00,n,n12,8.0
x_ij,a1,s187,v00,n,n13,8.0
x_ij,a1,s187,v00,n,n14,8.0
x_ij,a1,s187,v00,n,n15,8.0
x_ij,a1,s187,v00,n,n16,8.0
x_ij,a1,s187,v00,n,n17,8.0
x_ij,a1,s187,v00,n,n18,8.0
x_ij,a1,s187,v00,n,n19,8.0
x_ij,a1,s187,v00,n,n20,8.0
x_ij,a1,s187,v00,n,n21,8.0
x_ij,a1,s187,v00,n,n22,8.0
x_ij,a1,s187,v00,n,n23,8.0
x_ij,a1,s187,v00,n,n24,8.0
x_ij,a1,s187,v00,n,n25,8.0
x_ij,a1,s188,v00,n,n11,6.0
x_ij,a1,s188,v00,n,n12,6.0
x_ij,a1,s188,v00,n,n13,6.0
x_ij,a1,s188,v00,n,n14,6.0
x_ij,a1,s188,v00,n,n15,6.0
x_ij,a1,s188,v00,n,n16,6.0
x_ij,a1,s188,v00,n,n17,6.0
x_ij,a1,s188,v00,n,n18,6.0
x_ij,a1,s189,v00,n,n06,6.0
x_ij,a1,s189,v00,n,n07,6.0
x_ij,a1,s189,v00,n,n08,6.0
x_ij,a1,s189,v00,n,n09,6.0
x_ij,a1,s189,v00,n,n10,6.0
x_ij,a1,s189,v00,n,n11,6.0
x_ij,a1,s189,v00,n,n12,6.0
x_ij,a1,s189,v00,n,n13,6.0
x_ij,a1,s189,v00,n,n14,6.0
x_ij,a1,s189,v00,n,n15,6.0
x_ij,a1,s189,v00,n,n16,6.0
x_ij,a1,s190,v00,n,n06,6.0
x_ij,a1,s190,v00,n,n07,6.0
x_ij,a1,s190,v00,n,n08,6.0
x_ij,a1,s190,v00,n,n09,6.0
x_ij,a1,s190,v00,n,n10,6.0
x_ij,a1,s190,v00,n,n11,6.0
x_ij,a1,s190,v00,n,n12,6.0
x_ij,a1,s190,v00,n,n13,6.0
x_ij,a1,s190,v00,n,n14,6.0
x_ij,a1,s190,v00,n,n15,6.0
x_ij,a1,s190,v00,n,n16,6.0
x_ij,a1,s190,v00,n,n17,6.0
x_ij,a1,s190,v00,n,n18,6.0
x_ij,a1,s192,v00,n,n06,10.0
x_ij,a1,s192,v00,n,n07,10.0
x_ij,a1,s192,v00,n,n08,10.0
x_ij,a1,s192,v00,n,n09,10.0
x_ij,a1,s192,v00,n,n10,10.0
x_ij,a1,s192,v00,n,n11,10.0
x_ij,a1,s192,v00,n,n12,10.0
x_ij,a1,s192,v00,n,n13,10.0
x_ij,a1,s192,v00,n,n14,10.0
x_ij,a1,s192,v00,n,n15,10.0
x_ij,a1,s192,v00,n,n16,10.0
x_ij,a1,s195,v00,n,n16,34.0
x_ij,a1,s196,v00,n,n06,127.0
x_ij,a1,s196,v00,n,n07,127.0
x_ij,a1,s196,v00,n,n08,127.0
x_ij,a1,s196,v00,n,n09,127.0
x_ij,a1,s196,v00,n,n10,127.0
x_ij,a1,s196,v00,n,n11,127.0
x_ij,a1,s196,v00,n,n12,127.0
x_ij,a1,s196,v00,n,n13,127.0
x_ij,a1,s196,v00,n,n14,127.0
x_ij,a1,s196,v00,n,n15,127.0
x_ij,a1,s196,v00,n,n16,127.0
x_ij,a1,s204,v00,n,n06,85.0
x_ij,a1,s204,v00,n,n07,85.0
x_ij,a1,s204,v00,n,n08,85.0
x_ij,a1,s204,v00,n,n09,85.0
x_ij,a1,s204,v00,n,n10,85.0
x_ij,a1,s204,v00,n,n11,85.0
x_ij,a1,s204,v00,n,n12,85.0
x_ij,a1,s204,v00,n,n13,85.0
x_ij,a1,s204,v00,n,n14,85.0
x_ij,a1,s204,v00,n,n15,85.0
x_ij,a1,s205,v00,n,n06,8.0
x_ij,a1,s205,v00,n,n07,8.0
x_ij,a1,s205,v00,n,n08,8.0
x_ij,a1,s205,v00,n,n09,8.0
x_ij,a1,s205,v00,n,n10,8.0
x_ij,a1,s205,v00,n,n11,8.0
x_ij,a1,s205,v00,n,n12,8.0
x_ij,a1,s205,v00,n,n13,8.0
x_ij,a1,s205,v00,n,n14,8.0
x_ij,a1,s205,v00,n,n15,8.0
x_ij,a1,s207,v00,n,n06,22.0
x_ij,a1,s207,v00,n,n07,22.0
x_ij,a1,s207,v00,n,n08,22.0
x_ij,a1,s207,v00,n,n09,22.0
x_ij,a1,s207,v00,n,n10,22.0
x_ij,a1,s207,v00,n,n11,22.0
x_ij,a1,s207,v00,n,n12,22.0
x_ij,a1,s207,v00,n,n13,22.0
x_ij,a1,s207,v00,n,n14,22.0
x_ij,a1,s207,v00,n,n15,22.0
x_ij,a1,s207,v00,n,n16,22.0
x_ij,a1,s209,v00,n,n04,17.0
x_ij,a1,s209,v00,n,n05,17.0
x_ij,a1,s209,v00,n,n06,17.0
x_ij,a1,s209,v00,n,n07,17.0
x_ij,a1,s209,v00,n,n08,17.0
x_ij,a1,s209,v00,n,n09,17.0
x_ij,a1,s209,v00,n,n10,17.0
x_ij,a1,s209,v00,n,n11,17.0
x_ij,a1,s209,v00,n,n12,17.0
x_ij,a1,s209,v00,n,n13,17.0
x_ij,a1,s209,v00,n,n14,17.0
x_ij,a1,s209,v00,n,n15,17.0
x_ij,a1,s210,v00,n,n16,10.0
x_ij,a1,s210,v00,n,n17,10.0
x_ij,a1,s210,v00,n,n18,10.0
x_ij,a1,s213,v00,n,n17,1.0
x_ij,a1,s213,v00,n,n18,1.0
x_ij,a1,s213,v00,n,n19,1.0
x_ij,a1,s213,v00,n,n20,1.0
x_ij,a1,s213,v00,n,n21,1.0
x_ij,a1,s213,v00,n,n22,1.0
x_ij,a1,s213,v00,n,n23,1.0
x_ij,a1,s213,v00,n,n24,1.0
x_ij,a1,s213,v20,n,n17,4.0
x_ij,a1,s213,v20,n,n18,4.0
x_ij,a1,s213,v20,n,n19,4.0
x_ij,a1,s213,v20,n,n20,4.0
x_ij,a1,s213,v20,n,n21,4.0
x_ij,a1,s213,v20,n,n22,4.0
x_ij,a1,s213,v20,n,n23,4.0
x_ij,a1,s213,v20,n,n24,4.0
x_ij,a1,s214,v00,n,n17,9.0
x_ij,a1,s214,v00,n,n18,9.0
x_ij,a1,s214,v00,n,n19,9.0
x_ij,a1,s214,v00,n,n20,9.0
x_ij,a1,s214,v00,n,n21,9.0
x_ij,a1,s214,v00,n,n22,9.0
x_ij,a1,s214,v00,n,n23,9.0
x_ij,a1,s214,v00,n,n24,9.0
x_ij,a1,s214,v20,n,n17,1.0
x_ij,a1,s214,v20,n,n18,1.0
x_ij,a1,s214,v20,n,n19,1.0
x_ij,a1,s214,v20,n,n20,1.0
x_ij,a1,s214,v20,n,n21,1.0
x_ij,a1,s214,v20,n,n22,1.0
x_ij,a1,s214,v20,n,n23,1.0
x_ij,a1,s214,v20,n,n24,1.0
x_ij,a1,s215,v00,n,n25,5.0
x_ij,a1,s216,v00,n,n24,80.0
x_ij,a1,s216,v00,n,n25,80.0
x_ij,a1,s217,v00,n,n09,10.0
x_ij,a1,s217,v00,n,n10,10.0
x_ij,a1,s217,v00,n,n11,10.0
x_ij,a1,s217,v00,n,n12,10.0
x_ij,a1,s217,v00,n,n13,10.0
x_ij,a1,s217,v00,n,n14,10.0
x_ij,a1,s217,v00,n,n15,10.0
x_ij,a1,s217,v00,n,n16,10.0
x_ij,a1,s217,v00,n,n17,10.0
x_ij,a1,s217,v00,n,n18,10.0
x_ij,a1,s217,v00,n,n19,10.0
x_ij,a1,s217,v00,n,n20,10.0
x_ij,a1,s217,v00,n,n21,10.0
x_ij,a1,s217,v00,n,n22,10.0
x_ij,a1,s217,v00,n,n23,10.0
x_ij,a1,s217,v00,n,n24,10.0
x_ij,a1,s217,v00,n,n25,10.0
x_ij,a1,s218,v00,n,n16,10.0
x_ij,a1,s218,v00,n,n17,10.0
x_ij,a1,s218,v00,n,n18,10.0
x_ij,a1,s218,v00,n,n22,10.0
x_ij,a1,s218,v00,n,n23,10.0
x_ij,a1,s218,v00,n,n24,10.0
x_ij,a1,s219,v00,n,n08,10.0
x_ij,a1,s219,v00,n,n09,10.0
x_ij,a1,s219,v00,n,n10,10.0
x_ij,a1,s219,v00,n,n11,10.0
x_ij,a1,s219,v00,n,n12,10.0
x_ij,a1,s219,v00,n,n13,10.0
x_ij,a1,s219,v00,n,n14,10.0
x_ij,a1,s219,v00,n,n15,10.0
x_ij,a1,s219,v00,n,n16,10.0
x_ij,a1,s219,v00,n,n17,10.0
x_ij,a1,s219,v00,n,n18,10.0
x_ij,a1,s219,v00,n,n19,10.0
x_ij,a1,s219,v00,n,n20,10.0
x_ij,a1,s219,v00,n,n21,10.0
x_ij,a1,s219,v00,n,n22,10.0
x_ij,a1,s219,v00,n,n23,10.0
x_ij,a1,s219,v00,n,n24,10.0
x_ij,a1,s219,v00,n,n25,10.0
x_ij,a1,s220,v00,n,n16,4.0
x_ij,a1,s220,v00,n,n22,4.0
x_ij,a1,s220,v00,n,n23,4.0
x_ij,a1,s220,v00,n,n24,4.0
x_ij,a1,s221,v00,n,n01,8.0
x_ij,a1,s221,v00,n,n02,8.0
x_ij,a1,s221,v00,n,n03,8.0
x_ij,a1,s221,v00,n,n04,8.0
x_ij,a1,s221,v00,n,n05,8.0
x_ij,a1,s221,v00,n,n06,8.0
x_ij,a1,s221,v00,n,n07,8.0
x_ij,a1,s221,v00,n,n08,8.0
x_ij,a1,s221,v00,n,n09,8.0
x_ij,a1,s221,v00,n,n10,8.0
x_ij,a1,s221,v00,n,n11,8.0
x_ij,a1,s221,v00,n,n12,8.0
x_ij,a1,s221,v00,n,n13,8.0
x_ij,a1,s221,v00,n,n14,8.0
x_ij,a1,s221,v00,n,n15,8.0
x_ij,a1,s221,v00,n,n16,8.0
x_ij,a1,s221,v00,n,n17,8.0
x_ij,a1,s221,v00,n,n18,8.0
x_ij,a1,s221,v00,n,n19,8.0
x_ij,a1,s221,v00,n,n20,8.0
x_ij,a1,s221,v00,n,n21,8.0
x_ij,a1,s221,v00,n,n22,8.0
x_ij,a1,s221,v00,n,n23,8.0
x_ij,a1,s221,v00,n,n24,8.0
x_ij,a1,s221,v00,n,n25,8.0
x_ij,a1,s222,v00,n,n16,4.0
x_ij,a1,s222,v00,n,n22,4.0
x_ij,a1,s222,v00,n,n23,4.0
x_ij,a1,s222,v00,n,n24,4.0
x_ij,a1,s223,v00,n,n10,6.0
x_ij,a1,s223,v00,n,n11,6.0
x_ij,a1,s223,v00,n,n12,6.0
x_ij,a1,s223,v00,n,n13,6.0
x_ij,a1,s223,v00,n,n14,6.0
x_ij,a1,s223,v00,n,n15,6.0
x_ij,a1,s223,v00,n,n16,6.0
x_ij,a1,s223,v00,n,n17,6.0
x_ij,a1,s223,v00,n,n18,6.0
x_ij,a1,s223,v00,n,n19,6.0
x_ij,a1,s223,v00,n,n20,6.0
x_ij,a1,s223,v00,n,n21,6.0
x_ij,a1,s223,v00,n,n22,6.0
x_ij,a1,s223,v00,n,n23,6.0
x_ij,a1,s223,v00,n,n24,6.0
x_ij,a1,s223,v00,n,n25,6.0
x_ij,a1,s224,v00,n,n16,4.0
x_ij,a1,s224,v00,n,n22,4.0
x_ij,a1,s224,v00,n,n23,4.0
x_ij,a1,s224,v00,n,n24,4.0
x_ij,a1,s225,v00,n,n01,5.0
x_ij,a1,s225,v00,n,n02,5.0
x_ij,a1,s225,v00,n,n03,5.0
x_ij,a1,s225,v00,n,n04,5.0
x_ij,a1,s225,v00,n,n05,5.0
x_ij,a1,s225,v00,n,n06,5.0
x_ij,a1,s225,v00,n,n07,5.0
x_ij,a1,s225,v00,n,n08,5.0
x_ij,a1,s225,v00,n,n09,5.0
x_ij,a1,s225,v00,n,n10,5.0
x_ij,a1,s225,v00,n,n11,5.0
x_ij,a1,s225,v00,n,n12,5.0
x_ij,a1,s225,v00,n,n13,5.0
x_ij,a1,s225,v00,n,n14,5.0
x_ij,a1,s225,v00,n,n15,5.0
x_ij,a1,s225,v00,n,n16,5.0
x_ij,a1,s225,v00,n,n17,5.0
x_ij,a1,s225,v00,n,n18,5.0
x_ij,a1,s225,v00,n,n19,5.0
x_ij,a1,s225,v00,n,n20,5.0
x_ij,a1,s225,v00,n,n21,5.0
x_ij,a1,s225,v00,n,n22,5.0
x_ij,a1,s225,v00,n,n23,5.0
x_ij,a1,s225,v00,n,n24,5.0
x_ij,a1,s225,v00,n,n25,5.0
x_ij,a1,s226,v00,n,n13,4.0
x_ij,a1,s226,v00,n,n14,4.0
x_ij,a1,s226,v00,n,n15,4.0
x_ij,a1,s226,v00,n,n16,4.0
x_ij,a1,s226,v00,n,n17,4.0
x_ij,a1,s226,v00,n,n18,4.0
x_ij,a1,s226,v00,n,n19,4.0
x_ij,a1,s226,v00,n,n22,4.0
x_ij,a1,s226,v00,n,n23,4.0
x_ij,a1,s226,v00,n,n24,4.0
x_ij,a1,s227,v00,n,n24,131.0
x_ij,a1,s227,v00,n,n25,131.0
x_ij,a1,s228,v00,n,n16,10.0
x_ij,a1,s228,v00,n,n22,10.0
x_ij,a1,s228,v00,n,n23,10.0
x_ij,a1,s228,v00,n,n24,10.0
x_ij,a1,s229,v00,n,n16,4.0
x_ij,a1,s229,v00,n,n22,4.0
x_ij,a1,s229,v00,n,n23,4.0
x_ij,a1,s229,v00,n,n24,4.0
x_ij,a1,s230,v00,n,n09,10.0
x_ij,a1,s230,v00,n,n10,10.0
x_ij,a1,s230,v00,n,n11,10.0
x_ij,a1,s230,v00,n,n12,10.0
x_ij,a1,s230,v00,n,n13,10.0
x_ij,a1,s230,v00,n,n14,10.0
x_ij,a1,s230,v00,n,n15,10.0
x_ij,a1,s230,v00,n,n16,10.0
x_ij,a1,s230,v00,n,n17,10.0
x_ij,a1,s230,v00,n,n18,10.0
x_ij,a1,s230,v00,n,n19,10.0
x_ij,a1,s230,v00,n,n20,10.0
x_ij,a1,s230,v00,n,n21,10.0
x_ij,a1,s230,v00,n,n22,10.0
x_ij,a1,s230,v00,n,n23,10.0
x_ij,a1,s230,v00,n,n24,10.0
x_ij,a1,s230,v00,n,n25,10.0
x_ij,a1,s231,v00,n,n08,73.0
x_ij,a1,s231,v00,n,n09,73.0
x_ij,a1,s231,v00,n,n10,73.0
x_ij,a1,s231,v00,n,n11,73.0
x_ij,a1,s231,v00,n,n12,73.0
x_ij,a1,s231,v00,n,n13,73.0
x_ij,a1,s231,v00,n,n14,73.0
x_ij,a1,s231,v00,n,n15,73.0
x_ij,a1,s231,v00,n,n16,73.0
x_ij,a1,s231,v00,n,n17,73.0
x_ij,a1,s231,v00,n,n18,73.0
x_ij,a1,s231,v00,n,n19,73.0
x_ij,a1,s231,v00,n,n20,73.0
x_ij,a1,s231,v00,n,n21,73.0
x_ij,a1,s231,v00,n,n22,73.0
x_ij,a1,s231,v00,n,n23,73.0
x_ij,a1,s231,v00,n,n24,73.0
x_ij,a1,s231,v00,n,n25,73.0
x_ij,a1,s232,v00,n,n08,8.0
x_ij,a1,s232,v00,n,n09,8.0
x_ij,a1,s232,v00,n,n10,8.0
x_ij,a1,s232,v00,n,n11,8.0
x_ij,a1,s232,v00,n,n12,8.0
x_ij,a1,s232,v00,n,n13,8.0
x_ij,a1,s232,v00,n,n14,8.0
x_ij,a1,s232,v00,n,n15,8.0
x_ij,a1,s232,v00,n,n16,8.0
x_ij,a1,s232,v00,n,n24,28.0
x_ij,a1,s232,v20,n,n08,3.0
x_ij,a1,s232,v20,n,n09,3.0
x_ij,a1,s232,v20,n,n10,3.0
x_ij,a1,s232,v20,n,n11,3.0
x_ij,a1,s232,v20,n,n12,3.0
x_ij,a1,s232,v20,n,n13,3.0
x_ij,a1,s232,v20,n,n14,3.0
x_ij,a1,s232,v20,n,n15,3.0
x_ij,a1,s232,v20,n,n16,3.0
x_ij,a1,s232,v20,n,n24,2.0
x_ij,a1,s233,v00,n,n17,1.0
x_ij,a1,s233,v00,n,n18,1.0
x_ij,a1,s233,v00,n,n19,1.0
x_ij,a1,s233,v00,n,n20,1.0
x_ij,a1,s233,v00,n,n21,1.0
x_ij,a1,s233,v00,n,n22,1.0
x_ij,a1,s233,v00,n,n23,1.0
x_ij,a1,s233,v00,n,n24,1.0
x_ij,a1,s233,v20,n,n17,4.0
x_ij,a1,s233,v20,n,n18,4.0
x_ij,a1,s233,v20,n,n19,4.0
x_ij,a1,s233,v20,n,n20,4.0
x_ij,a1,s233,v20,n,n21,4.0
x_ij,a1,s233,v20,n,n22,4.0
x_ij,a1,s233,v20,n,n23,4.0
x_ij,a1,s233,v20,n,n24,4.0
x_ij,a1,s234,v00,n,n09,1.0
x_ij,a1,s234,v00,n,n10,1.0
x_ij,a1,s234,v00,n,n11,1.0
x_ij,a1,s234,v00,n,n12,1.0
x_ij,a1,s234,v00,n,n13,1.0
x_ij,a1,s234,v00,n,n14,1.0
x_ij,a1,s234,v00,n,n15,1.0
x_ij,a1,s234,v00,n,n16,1.0
x_ij,a1,s234,v00,n,n24,81.0
x_ij,a1,s234,v20,n,n09,4.0
x_ij,a1,s234,v20,n,n10,4.0
x_ij,a1,s234,v20,n,n11,4.0
x_ij,a1,s234,v20,n,n12,4.0
x_ij,a1,s234,v20,n,n13,4.0
x_ij,a1,s234,v20,n,n14,4.0
x_ij,a1,s234,v20,n,n15,4.0
x_ij,a1,s234,v20,n,n16,4.0
x_ij,a1,s238,v00,n,n08,71.0
x_ij,a1,s238,v00,n,n09,71.0
x_ij,a1,s238,v00,n,n10,71.0
x_ij,a1,s244,v00,n,n24,63.0
x_ij,a1,s247,v00,n,n06,10.0
x_ij,a1,s247,v00,n,n07,10.0
x_ij,a1,s247,v00,n,n08,10.0
x_ij,a1,s247,v00,n,n09,10.0
x_ij,a1,s247,v00,n,n10,10.0
x_ij,a1,s247,v00,n,n11,10.0
x_ij,a1,s247,v00,n,n12,10.0
x_ij,a1,s247,v00,n,n13,10.0
x_ij,a1,s247,v00,n,n14,10.0
x_ij,a1,s247,v00,n,n15,10.0
x_ij,a1,s249,v00,n,n24,31.0
x_ij,a1,s252,v00,n,n06,93.0
x_ij,a1,s252,v00,n,n07,93.0
x_ij,a1,s252,v00,n,n08,93.0
x_ij,a1,s252,v00,n,n09,93.0
x_ij,a1,s252,v00,n,n10,93.0
x_ij,a1,s252,v00,n,n11,93.0
x_ij,a1,s252,v00,n,n12,93.0
x_ij,a1,s252,v00,n,n13,93.0
x_ij,a1,s252,v00,n,n14,93.0
x_ij,a1,s252,v00,n,n15,93.0
x_ij,a1,s252,v00,n,n16,93.0
x_ij,a1,s252,v00,n,n17,93.0
x_ij,a1,s252,v00,n,n18,93.0
x_ij,a1,s254,v00,n,n10,92.0
x_ij,a1,s254,v00,n,n11,92.0
x_ij,a1,s254,v00,n,n12,92.0
x_ij,a1,s254,v00,n,n13,92.0
x_ij,a1,s256,v00,n,n02,20.0
x_ij,a1,s256,v00,n,n03,20.0
x_ij,a1,s256,v00,n,n04,20.0
x_ij,a1,s256,v00,n,n05,20.0
x_ij,a1,s256,v00,n,n17,80.0
x_ij,a1,s256,v00,n,n18,80.0
x_ij,a1,s256,v00,n,n19,80.0
x_ij,a1,s256,v00,n,n24,80.0
x_ij,a1,s256,v20,n,n02,3.0
x_ij,a1,s256,v20,n,n03,3.0
x_ij,a1,s256,v20,n,n04,3.0
x_ij,a1,s256,v20,n,n05,3.0
x_ij,a1,s256,v20,n,n06,4.0
x_ij,a1,s256,v20,n,n07,4.0
x_ij,a1,s256,v20,n,n08,4.0
x_ij,a1,s256,v20,n,n09,4.0
x_ij,a1,s256,v20,n,n10,4.0
x_ij,a1,s256,v20,n,n11,4.0
x_ij,a1,s256,v20,n,n12,4.0
x_ij,a1,s256,v20,n,n13,4.0
x_ij,a1,s256,v20,n,n14,4.0
x_ij,a1,s256,v20,n,n15,4.0
x_ij,a1,s256,v20,n,n16,4.0
x_ij,a1,s257,v00,n,n10,9.0
x_ij,a1,s264,v00,n,n02,6.0
x_ij,a1,s264,v00,n,n03,6.0
x_ij,a1,s264,v00,n,n04,6.0
x_ij,a1,s264,v00,n,n05,6.0
x_ij,a1,s264,v00,n,n06,6.0
x_ij,a1,s264,v00,n,n07,6.0
x_ij,a1,s264,v00,n,n08,6.0
x_ij,a1,s264,v00,n,n09,6.0
x_ij,a1,s264,v00,n,n10,6.0
x_ij,a1,s264,v00,n,n11,6.0
x_ij,a1,s264,v00,n,n12,6.0
x_ij,a1,s264,v00,n,n13,6.0
x_ij,a1,s266,v00,n,n08,47.0
x_ij,a1,s266,v00,n,n09,47.0
x_ij,a1,s266,v00,n,n10,47.0
x_ij,a1,s266,v00,n,n11,47.0
x_ij,a1,s266,v00,n,n12,47.0
x_ij,a1,s266,v00,n,n13,47.0
x_ij,a1,s266,v00,n,n14,47.0
x_ij,a1,s266,v00,n,n15,47.0
x_ij,a1,s268,v00,n,n06,4.0
x_ij,a1,s268,v00,n,n07,4.0
x_ij,a1,s268,v00,n,n08,4.0
x_ij,a1,s268,v00,n,n09,4.0
x_ij,a1,s268,v00,n,n10,4.0
x_ij,a1,s268,v00,n,n11,4.0
x_ij,a1,s268,v00,n,n12,4.0
x_ij,a1,s268,v00,n,n13,4.0
x_ij,a1,s271,v00,n,n06,10.0
x_ij,a1,s271,v00,n,n07,10.0
x_ij,a1,s271,v00,n,n08,10.0
x_ij,a1,s271,v00,n,n09,10.0
x_ij,a1,s271,v00,n,n10,10.0
x_ij,a1,s271,v00,n,n11,10.0
x_ij,a1,s271,v00,n,n12,10.0
x_ij,a1,s271,v00,n,n13,10.0
x_ij,a1,s271,v00,n,n14,10.0
x_ij,a1,s272,v00,n,n08,6.0
x_ij,a1,s272,v00,n,n09,6.0
x_ij,a1,s272,v00,n,n10,6.0
x_ij,a1,s272,v00,n,n11,6.0
x_ij,a1,s272,v00,n,n12,6.0
x_ij,a1,s272,v00,n,n13,6.0
x_ij,a1,s278,v00,n,n01,2.0
x_ij,a1,s278,v00,n,n02,42.0
x_ij,a1,s278,v00,n,n03,42.0
x_ij,a1,s278,v00,n,n04,42.0
x_ij,a1,s278,v00,n,n05,42.0
x_ij,a1,s278,v00,n,n06,2.0
x_ij,a1,s278,v00,n,n07,2.0
x_ij,a1,s278,v00,n,n08,2.0
x_ij,a1,s278,v00,n,n09,2.0
x_ij,a1,s278,v00,n,n10,2.0
x_ij,a1,s278,v00,n,n11,2.0
x_ij,a1,s278,v00,n,n12,2.0
x_ij,a1,s278,v00,n,n13,2.0
x_ij,a1,s278,v00,n,n14,2.0
x_ij,a1,s278,v00,n,n15,2.0
x_ij,a1,s278,v00,n,n16,2.0
x_ij,a1,s278,v00,n,n17,42.0
x_ij,a1,s278,v00,n,n18,42.0
x_ij,a1,s278,v00,n,n19,82.0
x_ij,a1,s278,v00,n,n20,102.0
x_ij,a1,s278,v00,n,n21,102.0
x_ij,a1,s278,v00,n,n22,102.0
x_ij,a1,s278,v00,n,n23,102.0
x_ij,a1,s278,v00,n,n24,102.0
x_ij,a1,s278,v00,n,n25,2.0
x_ij,a1,s278,v20,n,n01,5.0
x_ij,a1,s278,v20,n,n02,3.0
x_ij,a1,s278,v20,n,n03,3.0
x_ij,a1,s278,v20,n,n04,3.0
x_ij,a1,s278,v20,n,n05,3.0
x_ij,a1,s278,v20,n,n06,5.0
x_ij,a1,s278,v20,n,n07,5.0
x_ij,a1,s278,v20,n,n08,5.0
x_ij,a1,s278,v20,n,n09,5.0
x_ij,a1,s278,v20,n,n10,5.0
x_ij,a1,s278,v20,n,n11,5.0
x_ij,a1,s278,v20,n,n12,5.0
x_ij,a1,s278,v20,n,n13,5.0
x_ij,a1,s278,v20,n,n14,5.0
x_ij,a1,s278,v20,n,n15,5.0
x_ij,a1,s278,v20,n,n16,5.0
x_ij,a1,s278,v20,n,n17,3.0
x_ij,a1,s278,v20,n,n18,3.0
x_ij,a1,s278,v20,n,n19,1.0
x_ij,a1,s278,v20,n,n25,5.0
x_ij,a1,s289,v00,n,n08,8.0
x_ij,a1,s289,v00,n,n09,8.0
x_ij,a1,s289,v00,n,n10,8.0
x_ij,a1,s289,v00,n,n13,8.0
x_ij,a1,s289,v00,n,n14,8.0
x_ij,a1,s289,v00,n,n15,8.0
x_ij,a1,s289,v00,n,n16,8.0
x_ij,a1,s289,v00,n,n17,8.0
x_ij,a1,s289,v00,n,n18,8.0
x_ij,a1,s289,v00,n,n19,8.0
x_ij,a1,s289,v00,n,n20,8.0
x_ij,a1,s289,v00,n,n21,8.0
x_ij,a1,s291,v00,n,n08,16.0
x_ij,a1,s291,v00,n,n09,16.0
x_ij,a1,s291,v00,n,n10,16.0
x_ij,a1,s291,v00,n,n11,16.0
x_ij,a1,s291,v00,n,n12,16.0
x_ij,a1,s291,v00,n,n13,16.0
x_ij,a1,s291,v00,n,n14,16.0
x_ij,a1,s291,v00,n,n15,16.0
x_ij,a1,s291,v00,n,n16,16.0
x_ij,a1,s291,v00,n,n17,16.0
x_ij,a1,s291,v00,n,n18,16.0
x_ij,a1,s291,v00,n,n19,16.0
x_ij,a1,s291,v00,n,n20,16.0
x_ij,a1,s291,v00,n,n21,16.0
x_ij,a1,s291,v00,n,n22,16.0
x_ij,a1,s291,v00,n,n23,16.0
x_ij,a1,s291,v00,n,n24,16.0
x_ij,a1,s291,v00,n,n25,16.0
x_ij,a1,s293,v00,n,n01,10.0
x_ij,a1,s293,v00,n,n02,10.0
x_ij,a1,s293,v00,n,n03,10.0
x_ij,a1,s293,v00,n,n04,10.0
x_ij,a1,s293,v00,n,n05,10.0
x_ij,a1,s293,v00,n,n06,10.0
x_ij,a1,s293,v00,n,n07,10.0
x_ij,a1,s293,v00,n,n08,10.0
x_ij,a1,s293,v00,n,n09,10.0
x_ij,a1,s293,v00,n,n10,10.0
x_ij,a1,s293,v00,n,n11,10.0
x_ij,a1,s293,v00,n,n12,10.0
x_ij,a1,s293,v00,n,n13,10.0
x_ij,a1,s293,v00,n,n14,10.0
x_ij,a1,s293,v00,n,n15,10.0
x_ij,a1,s293,v00,n,n16,10.0
x_ij,a1,s293,v00,n,n17,10.0
x_ij,a1,s293,v00,n,n18,10.0
x_ij,a1,s293,v00,n,n19,10.0
x_ij,a1,s293,v00,n,n20,10.0
x_ij,a1,s293,v00,n,n21,10.0
x_ij,a1,s293,v00,n,n22,10.0
x_ij,a1,s293,v00,n,n23,10.0
x_ij,a1,s293,v00,n,n24,10.0
x_ij,a1,s293,v00,n,n25,10.0
x_ij,a1,s296,v00,n,n08,10.0
x_ij,a1,s296,v00,n,n09,10.0
x_ij,a1,s296,v00,n,n10,10.0
x_ij,a1,s296,v00,n,n11,10.0
x_ij,a1,s296,v00,n,n12,10.0
x_ij,a1,s296,v00,n,n13,10.0
x_ij,a1,s296,v00,n,n14,10.0
x_ij,a1,s296,v00,n,n15,10.0
x_ij,a1,s296,v00,n,n16,10.0
x_ij,a1,s296,v00,n,n17,10.0
x_ij,a1,s296,v00,n,n18,10.0
x_ij,a1,s296,v00,n,n19,10.0
x_ij,a1,s296,v00,n,n20,10.0
x_ij,a1,s296,v00,n,n21,10.0
x_ij,a1,s296,v00,n,n22,10.0
x_ij,a1,s296,v00,n,n23,10.0
x_ij,a1,s296,v00,n,n24,10.0
x_ij,a1,s296,v00,n,n25,10.0
x_ij,a1,s302,v00,n,n06,46.0
x_ij,a1,s302,v00,n,n07,46.0
x_ij,a1,s302,v00,n,n08,46.0
x_ij,a1,s302,v00,n,n09,46.0
x_ij,a1,s302,v00,n,n10,46.0
x_ij,a1,s302,v00,n,n11,46.0
x_ij,a1,s302,v00,n,n12,46.0
x_ij,a1,s302,v00,n,n13,46.0
x_ij,a1,s302,v00,n,n14,46.0
x_ij,a1,s302,v00,n,n15,46.0
x_ij,a1,s302,v00,n,n16,46.0
x_ij,a1,s302,v00,n,n17,46.0
x_ij,a1,s302,v00,n,n18,46.0
x_ij,a1,s303,v00,n,n09,34.0
x_ij,a1,s313,v00,n,n15,10.0
x_ij,a1,s313,v00,n,n16,60.0
x_ij,a4,s049,v00,c,n11,28.0
x_ij,a4,s049,v00,c,n12,38.0
x_ij,a4,s049,v00,n,n12,60.0
x_ij,a4,s051,v00,c,n11,2.0
x_ij,a4,s051,v00,c,n12,2.0
x_ij,a4,s051,v00,n,n11,17.0
x_ij,a4,s051,v00,n,n12,17.0
x_ij,a4,s053,v00,c,n01,22.0
x_ij,a4,s053,v00,c,n02,22.0
x_ij,a4,s053,v00,c,n03,22.0
x_ij,a4,s053,v00,c,n04,22.0
x_ij,a4,s053,v00,c,n05,22.0
x_ij,a4,s053,v00,c,n06,22.0
x_ij,a4,s053,v00,c,n07,22.0
x_ij,a4,s053,v00,c,n08,22.0
x_ij,a4,s053,v00,c,n09,22.0
x_ij,a4,s053,v00,c,n10,22.0
x_ij,a4,s053,v00,c,n11,22.0
x_ij,a4,s053,v00,c,n12,22.0
x_ij,a4,s053,v00,c,n13,22.0
x_ij,a4,s053,v00,c,n14,22.0
x_ij,a4,s053,v00,c,n15,22.0
x_ij,a4,s053,v00,c,n16,22.0
x_ij,a4,s053,v00,c,n17,22.0
x_ij,a4,s053,v00,c,n18,22.0
x_ij,a4,s053,v00,c,n19,22.0
x_ij,a4,s053,v00,c,n20,22.0
x_ij,a4,s053,v00,c,n21,22.0
x_ij,a4,s053,v00,c,n22,22.0
x_ij,a4,s053,v00,c,n23,22.0
x_ij,a4,s053,v00,c,n24,22.0
x_ij,a4,s053,v00,c,n25,22.0
x_ij,a4,s053,v00,n,n01,128.0
x_ij,a4,s053,v00,n,n02,128.0
x_ij,a4,s053,v00,n,n03,128.0
x_ij,a4,s053,v00,n,n04,128.0
x_ij,a4,s053,v00,n,n05,128.0
x_ij,a4,s053,v00,n,n06,128.0
x_ij,a4,s053,v00,n,n07,128.0
x_ij,a4,s053,v00,n,n08,128.0
x_ij,a4,s053,v00,n,n09,128.0
x_ij,a4,s053,v00,n,n10,128.0
x_ij,a4,s053,v00,n,n11,128.0
x_ij,a4,s053,v00,n,n12,128.0
x_ij,a4,s053,v00,n,n13,128.0
x_ij,a4,s053,v00,n,n14,128.0
x_ij,a4,s053,v00,n,n15,128.0
x_ij,a4,s053,v00,n,n16,128.0
x_ij,a4,s053,v00,n,n17,128.0
x_ij,a4,s053,v00,n,n18,128.0
x_ij,a4,s053,v00,n,n19,128.0
x_ij,a4,s053,v00,n,n20,128.0
x_ij,a4,s053,v00,n,n21,128.0
x_ij,a4,s053,v00,n,n22,128.0
x_ij,a4,s053,v00,n,n23,128.0
x_ij,a4,s053,v00,n,n24,128.0
x_ij,a4,s053,v00,n,n25,128.0
x_ij,a4,s054,v00,c,n01,23.0
x_ij,a4,s054,v00,c,n02,23.0
x_ij,a4,s054,v00,c,n03,23.0
x_ij,a4,s054,v00,c,n04,23.0
x_ij,a4,s054,v00,c,n05,23.0
x_ij,a4,s054,v00,c,n06,23.0
x_ij,a4,s054,v00,c,n07,23.0
x_ij,a4,s054,v00,c,n08,23.0
x_ij,a4,s054,v00,c,n09,23.0
x_ij,a4,s054,v00,c,n10,23.0
x_ij,a4,s054,v00,c,n11,23.0
x_ij,a4,s054,v00,c,n12,23.0
x_ij,a4,s054,v00,c,n13,23.0
x_ij,a4,s054,v00,c,n14,23.0
x_ij,a4,s054,v00,c,n15,23.0
x_ij,a4,s054,v00,c,n16,23.0
x_ij,a4,s054,v00,c,n17,23.0
x_ij,a4,s054,v00,c,n18,23.0
x_ij,a4,s054,v00,c,n19,23.0
x_ij,a4,s054,v00,c,n20,23.0
x_ij,a4,s054,v00,c,n21,23.0
x_ij,a4,s054,v00,c,n22,23.0
x_ij,a4,s054,v00,c,n23,23.0
x_ij,a4,s054,v00,c,n24,23.0
x_ij,a4,s054,v00,c,n25,23.0
x_ij,a4,s054,v00,n,n01,129.0
x_ij,a4,s054,v00,n,n02,129.0
x_ij,a4,s054,v00,n,n03,129.0
x_ij,a4,s054,v00,n,n04,129.0
x_ij,a4,s054,v00,n,n05,129.0
x_ij,a4,s054,v00,n,n06,129.0
x_ij,a4,s054,v00,n,n07,129.0
x_ij,a4,s054,v00,n,n08,129.0
x_ij,a4,s054,v00,n,n09,129.0
x_ij,a4,s054,v00,n,n10,129.0
x_ij,a4,s054,v00,n,n11,129.0
x_ij,a4,s054,v00,n,n12,129.0
x_ij,a4,s054,v00,n,n13,129.0
x_ij,a4,s054,v00,n,n14,129.0
x_ij,a4,s054,v00,n,n15,129.0
x_ij,a4,s054,v00,n,n16,129.0
x_ij,a4,s054,v00,n,n17,129.0
x_ij,a4,s054,v00,n,n18,129.0
x_ij,a4,s054,v00,n,n19,129.0
x_ij,a4,s054,v00,n,n20,129.0
x_ij,a4,s054,v00,n,n21,129.0
x_ij,a4,s054,v00,n,n22,129.0
x_ij,a4,s054,v00,n,n23,129.0
x_ij,a4,s054,v00,n,n24,129.0
x_ij,a4,s054,v00,n,n25,129.0
x_ij,a4,s055,v00,c,n02,1.0
x_ij,a4,s055,v00,c,n03,1.0
x_ij,a4,s055,v00,c,n16,1.0
x_ij,a4,s055,v00,c,n17,1.0
x_ij,a4,s055,v00,c,n18,1.0
x_ij,a4,s055,v00,c,n24,1.0
x_ij,a4,s055,v00,n,n02,10.0
x_ij,a4,s055,v00,n,n03,10.0
x_ij,a4,s055,v00,n,n16,10.0
x_ij,a4,s055,v00,n,n17,10.0
x_ij,a4,s055,v00,n,n18,10.0
x_ij,a4,s055,v00,n,n24,10.0
x_ij,a4,s289,v00,n,n11,8.0
x_ij,a4,s289,v00,n,n12,8.0
x_ij,a4,s305,v00,n,n16,39.0
x_ij,a4,s305,v00,n,n17,39.0
x_ij,a4,s305,v00,n,n18,39.0
x_ij,a4,s305,v00,n,n19,39.0
x_ij,a4,s305,v00,n,n22,39.0
x_ij,a4,s305,v00,n,n23,39.0
x_ij,a4,s306,v00,n,n01,81.0
x_ij,a4,s306,v00,n,n02,81.0
x_ij,a4,s306,v00,n,n03,81.0
x_ij,a4,s306,v00,n,n04,81.0
x_ij,a4,s306,v00,n,n05,81.0
x_ij,a4,s306,v00,n,n06,81.0
x_ij,a4,s306,v00,n,n07,81.0
x_ij,a4,s306,v00,n,n08,81.0
x_ij,a4,s306,v00,n,n09,81.0
x_ij,a4,s306,v00,n,n10,81.0
x_ij,a4,s306,v00,n,n11,81.0
x_ij,a4,s306,v00,n,n12,81.0
x_ij,a4,s306,v00,n,n13,81.0
x_ij,a4,s306,v00,n,n14,81.0
x_ij,a4,s306,v00,n,n15,81.0
x_ij,a4,s306,v00,n,n16,81.0
x_ij,a4,s306,v00,n,n17,81.0
x_ij,a4,s306,v00,n,n18,81.0
x_ij,a4,s306,v00,n,n19,81.0
x_ij,a4,s306,v00,n,n20,81.0
x_ij,a4,s306,v00,n,n21,81.0
x_ij,a4,s306,v00,n,n22,81.0
x_ij,a4,s306,v00,n,n23,81.0
x_ij,a4,s306,v00,n,n24,81.0
x_ij,a4,s306,v00,n,n25,81.0
x_ij,a4,s307,v00,n,n01,102.0
x_ij,a4,s307,v00,n,n02,102.0
x_ij,a4,s307,v00,n,n03,102.0
x_ij,a4,s307,v00,n,n04,102.0
x_ij,a4,s307,v00,n,n05,102.0
x_ij,a4,s307,v00,n,n06,102.0
x_ij,a4,s307,v00,n,n07,102.0
x_ij,a4,s307,v00,n,n08,102.0
x_ij,a4,s307,v00,n,n09,102.0
x_ij,a4,s307,v00,n,n10,102.0
x_ij,a4,s307,v00,n,n11,102.0
x_ij,a4,s307,v00,n,n12,102.0
x_ij,a4,s307,v00,n,n13,102.0
x_ij,a4,s307,v00,n,n14,102.0
x_ij,a4,s307,v00,n,n15,102.0
x_ij,a4,s307,v00,n,n16,102.0
x_ij,a4,s307,v00,n,n17,102.0
x_ij,a4,s307,v00,n,n18,102.0
x_ij,a4,s307,v00,n,n19,102.0
x_ij,a4,s307,v00,n,n20,102.0
x_ij,a4,s307,v00,n,n21,102.0
x_ij,a4,s307,v00,n,n22,102.0
x_ij,a4,s307,v00,n,n23,102.0
x_ij,a4,s307,v00,n,n24,102.0
x_ij,a4,s307,v00,n,n25,102.0
x_ij,a4,s308,v00,n,n01,127.0
x_ij,a4,s308,v00,n,n02,127.0
x_ij,a4,s308,v00,n,n03,127.0
x_ij,a4,s308,v00,n,n04,127.0
x_ij,a4,s308,v00,n,n05,127.0
x_ij,a4,s308,v00,n,n06,127.0
x_ij,a4,s308,v00,n,n07,127.0
x_ij,a4,s308,v00,n,n08,127.0
x_ij,a4,s308,v00,n,n09,127.0
x_ij,a4,s308,v00,n,n10,127.0
x_ij,a4,s308,v00,n,n11,127.0
x_ij,a4,s308,v00,n,n12,127.0
x_ij,a4,s308,v00,n,n13,127.0
x_ij,a4,s308,v00,n,n14,127.0
x_ij,a4,s308,v00,n,n15,127.0
x_ij,a4,s308,v00,n,n16,127.0
x_ij,a4,s308,v00,n,n17,127.0
x_ij,a4,s308,v00,n,n18,127.0
x_ij,a4,s308,v00,n,n19,127.0
x_ij,a4,s308,v00,n,n20,127.0
x_ij,a4,s308,v00,n,n21,127.0
x_ij,a4,s308,v00,n,n22,127.0
x_ij,a4,s308,v00,n,n23,127.0
x_ij,a4,s308,v00,n,n24,127.0
x_ij,a4,s308,v00,n,n25,127.0
x_ij,a4,s309,v00,n,n17,20.0
x_ij,a4,s309,v00,n,n18,20.0
x_ij,a4,s309,v00,n,n19,20.0
x_ij,a4,s309,v00,n,n20,20.0
x_ij,a4,s309,v00,n,n21,20.0
x_ij,a4,s309,v00,n,n22,20.0
x_ij,a4,s309,v00,n,n23,20.0
x_ij,a4,s310,v00,n,n02,55.0
x_ij,a4,s310,v00,n,n03,55.0
x_ij,a4,s310,v00,n,n04,55.0
x_ij,a4,s310,v00,n,n05,55.0
x_ij,a4,s310,v00,n,n15,55.0
x_ij,a4,s310,v00,n,n16,55.0
x_ij,a4,s310,v00,n,n17,55.0
x_ij,a4,s310,v00,n,n18,55.0
x_ij,a4,s310,v00,n,n19,55.0
x_ij,a4,s310,v00,n,n22,55.0
x_ij,a4,s310,v00,n,n23,55.0
x_ij,a4,s310,v00,n,n24,55.0
x_ij,a4,s311,v00,n,n01,74.0
x_ij,a4,s311,v00,n,n02,74.0
x_ij,a4,s311,v00,n,n03,74.0
x_ij,a4,s311,v00,n,n04,74.0
x_ij,a4,s311,v00,n,n05,74.0
x_ij,a4,s311,v00,n,n06,74.0
x_ij,a4,s311,v00,n,n07,74.0
x_ij,a4,s311,v00,n,n08,74.0
x_ij,a4,s311,v00,n,n09,74.0
x_ij,a4,s311,v00,n,n10,74.0
x_ij,a4,s311,v00,n,n11,74.0
x_ij,a4,s311,v00,n,n12,74.0
x_ij,a4,s311,v00,n,n13,74.0
x_ij,a4,s311,v00,n,n14,74.0
x_ij,a4,s311,v00,n,n15,74.0
x_ij,a4,s311,v00,n,n16,74.0
x_ij,a4,s311,v00,n,n17,74.0
x_ij,a4,s311,v00,n,n18,74.0
x_ij,a4,s311,v00,n,n19,74.0
x_ij,a4,s311,v00,n,n20,74.0
x_ij,a4,s311,v00,n,n21,74.0
x_ij,a4,s311,v00,n,n22,74.0
x_ij,a4,s311,v00,n,n23,74.0
x_ij,a4,s311,v00,n,n24,74.0
x_ij,a4,s311,v00,n,n25,74.0
x_ij,a4,s312,v00,n,n01,4.0
x_ij,a4,s312,v00,n,n02,4.0
x_ij,a4,s312,v00,n,n03,4.0
x_ij,a4,s312,v00,n,n04,4.0
x_ij,a4,s312,v00,n,n05,4.0
x_ij,a4,s312,v00,n,n06,4.0
x_ij,a4,s312,v00,n,n07,4.0
x_ij,a4,s312,v00,n,n08,4.0
x_ij,a4,s312,v00,n,n09,4.0
x_ij,a4,s312,v00,n,n10,4.0
x_ij,a4,s312,v00,n,n11,4.0
x_ij,a4,s312,v00,n,n12,4.0
x_ij,a4,s312,v00,n,n13,4.0
x_ij,a4,s312,v00,n,n14,4.0
x_ij,a4,s312,v00,n,n15,4.0
x_ij,a4,s312,v00,n,n16,4.0
x_ij,a4,s312,v00,n,n17,4.0
x_ij,a4,s312,v00,n,n18,4.0
x_ij,a4,s312,v00,n,n19,4.0
x_ij,a4,s312,v00,n,n20,4.0
x_ij,a4,s312,v00,n,n21,4.0
x_ij,a4,s312,v00,n,n22,4.0
x_ij,a4,s312,v00,n,n23,4.0
x_ij,a4,s312,v00,n,n24,4.0
x_ij,a4,s312,v00,n,n25,4.0
x_ij,a4,s313,v00,n,n14,80.0
x_ij,a4,s313,v00,n,n15,70.0
x_ij,a4,s313,v00,n,n16,20.0
